nucleotide	aminoAcid	count (templates/reads)	frequencyCount (%)	cdr3Length	vMaxResolved	vFamilyName	vGeneName	vGeneAllele	vFamilyTies	vGeneNameTies	vGeneAlleleTies	dMaxResolved	dFamilyName	dGeneName	dGeneAllele	dFamilyTies	dGeneNameTies	dGeneAlleleTies	jMaxResolved	jFamilyName	jGeneName	jGeneAllele	jFamilyTies	jGeneNameTies	jGeneAlleleTies	vDeletion	n1Insertion	d5Deletion	d3Deletion	n2Insertion	jDeletion	vIndex	n1Index	dIndex	n2Index	jIndex	estimatedNumberGenomes	sequenceStatus	cloneResolved	vOrphon	dOrphon	jOrphon	vFunction	dFunction	jFunction	fractionNucleated	vAlignLength	vAlignSubstitutionCount	vAlignSubstitutionIndexes	vAlignSubstitutionGeneThreePrimeIndexes	vSeqWithMutations
ATTCTGGAGTCCGCCAGCACCAACCAGACATCTATGTACCTCTGTGCCAGCAGTTTGGGATTGGTTCAGCCCCAGCATTTTGGTGAT	CASSLGLVQPQHF	82	0.1263482280431433	39	TCRBV28-01*01	TCRBV28	TCRBV28-01	01								TCRBD01,TCRBD02	TCRBD01-01,TCRBD02-01		TCRBJ01-05*01	TCRBJ01	TCRBJ01-05	01				3	0	0	8	5	6	42	-1	56	60	65	82	In	VDJ												
CTGGAGTCCGCCAGCACCAACCAGACATCTATGTACCTCTGTGCCAGCAGTTTAGGGACGGTGAACACTGAAGCTTTCTTTGGACAA	CASSLGTVNTEAFF	40	0.061633281972265024	42	TCRBV28-01*01	TCRBV28	TCRBV28-01	01								TCRBD01,TCRBD02	TCRBD01-01,TCRBD02-01		TCRBJ01-01*01	TCRBJ01	TCRBJ01-01	01				2	0	0	7	2	0	39	-1	54	59	61	40	In	VDJ												
CTGATTCTGGAGTCCGCCAGCACCAACCAGACATCTATGTACCTCTGTGCCAGCAGTTCCGTTTACAATGAGCAGTTCTTCGGGCCA	CASSSVYNEQFF	23	0.03543913713405239	36	TCRBV28-01*01	TCRBV28	TCRBV28-01	01				TCRBD02-01	TCRBD02	TCRBD02-01				01,02	TCRBJ02-01*01	TCRBJ02	TCRBJ02-01	01				4	1	8	6	2	4	45	58	59	61	63	23	In	VDJ												
AATTCCCTGGAGCTTGGTGACTCTGCTGTGTATTTCTGTGCCAGCAGCCAGAGAGCGGGGGCGGGCGGGGAGCTGTTTTTTGGAGAA	CASSQRAGAGGELFF	27	0.04160246533127889	45	TCRBV03-01/03-02*01	TCRBV03	TCRBV03-01/03-02	01				TCRBD02-01*01	TCRBD02	TCRBD02-01	01				TCRBJ02-02*01	TCRBJ02	TCRBJ02-02	01				3	3	6	2	4	7	36	50	53	61	65	27	In	VDJ												
ATCAATTCCCTGGAGCTTGGTGACTCTGCTGTGTATTTCTGTGCCAGCAGCCAAGAAGGACGGAATCAGCCCCAGCATTTTGGTGAT	CASSQEGRNQPQHF	16	0.02465331278890601	42	TCRBV03-01/03-02*01	TCRBV03	TCRBV03-01/03-02	01								TCRBD01,TCRBD02	TCRBD01-01,TCRBD02-01		TCRBJ01-05*01	TCRBJ01	TCRBJ01-05	01				0	1	1	7	2	4	39	56	57	61	63	16	In	VDJ												
GTGCAGCCTGCAGAACTGGAGGATTCTGGAGTTTATTTCTGTGCCAGCAGCCCGGACAGGGGAATTTTTGGCTACACCTTCGGTTCG	CASSPDRGIFGYTF	2	0.0030816640986132513	42	TCRBV14-01*01	TCRBV14	TCRBV14-01	01				TCRBD01-01*01	TCRBD01	TCRBD01-01	01				TCRBJ01-02*01	TCRBJ01	TCRBJ01-02	01				4	1	1	2	6	7	39	52	53	62	68	2	In	VDJ												
GTGAACGCCTTGTTGCTGGGGGACTCGGCCCTCTATCTCTGTGCCAGCAGCCCACTTATGAGGGACACTGAAGCTTTCTTTGGACAA	CASSPLMRDTEAFF	19	0.029275808936825885	42	TCRBV05-06*01	TCRBV05	TCRBV05-06	01				TCRBD02-01*02	TCRBD02	TCRBD02-01	02				TCRBJ01-01*01	TCRBJ01	TCRBJ01-01	01				4	8	11	0	0	3	39	51	59	-1	64	19	In	VDJ												
ACGTTTGGTGTGTCGGCTGCTCCCTCCCAGACATCTGTGTACTTCTGTGCCAGCGGGACAGGGGTAAATGAGCAGTTCTTCGGGCCA	CASGTGVNEQFF	15	0.023112480739599383	36	TCRBV06-05*01	TCRBV06	TCRBV06-05	01				TCRBD01-01*01	TCRBD01	TCRBD01-01	01				TCRBJ02-01*01	TCRBJ02	TCRBJ02-01	01				8	0	0	2	2	7	45	-1	54	64	66	15	In	VDJ												
CTGGAGTCCGCTACCAGCTCCCAGACATCTGTGTACTTCTGTGCCATCAGTGGGTTAGCGGGAGAAGATACGCAGTATTTTGGCCCA	CAISGLAGEDTQYF	11	0.01694915254237288	42	TCRBV10-03*01	TCRBV10	TCRBV10-03	01				TCRBD02-01*02	TCRBD02	TCRBD02-01	02				TCRBJ02-03*01	TCRBJ02	TCRBJ02-03	01				4	3	5	2	1	5	39	52	55	64	65	11	In	VDJ												
AGAAGACTCAGCCCTGTATCTCTGCGCCAGCAGCCCCTCGTTTTGAGACTAAGGGATACCGGGGCCAACGTCCTGACTTTCGGGGCC		2	0.0030816640986132513	59	TCRBV04-01*01	TCRBV04	TCRBV04-01	01				TCRBD02-01	TCRBD02	TCRBD02-01				01,02	TCRBJ02-06*01	TCRBJ02	TCRBJ02-06	01				4	11	2	9	9	4	22	35	46	51	60	2	Out	VDJ												
AATTCCCTGGAGCTTGGTGACTCTGCTGTGTATTTCTGTGCCAGCAGCCAGGGGAGGGGGGGCAATCAGCCCCAGCATTTTGGTGAT	CASSQGRGGNQPQHF	2	0.0030816640986132513	45	TCRBV03-01/03-02*01	TCRBV03	TCRBV03-01/03-02	01				TCRBD02-01*02	TCRBD02	TCRBD02-01	02				TCRBJ01-05*01	TCRBJ01	TCRBJ01-05	01				3	1	9	0	3	2	36	50	51	58	61	2	In	VDJ												
CAGCGCACAGAGCAGGAGGACTCGGCCGTGTATCTCTGTGCCAGCAGCGTGGGACTGACGAACACCGGGGAGCTGTTTTTTGGAGAA	CASSVGLTNTGELFF	2	0.0030816640986132513	45	TCRBV07-02	TCRBV07	TCRBV07-02				01,02	TCRBD02-01	TCRBD02	TCRBD02-01				01,02	TCRBJ02-02*01	TCRBJ02	TCRBJ02-02	01				5	2	0	10	2	0	36	48	50	56	58	2	In	VDJ												
ACCCTGCAGCAAGAAGACTCGGCCCTGTATCTCTGTGCCAGCAGCCAAGATGGGCAAGAGGCGTACAATGAGCAGTTCTTCGGGCCA	CASSQDGQEAYNEQFF	2	0.0030816640986132513	48	TCRBV04-02*01	TCRBV04	TCRBV04-02	01								TCRBD01,TCRBD02	TCRBD01-01,TCRBD02-01		TCRBJ02-01*01	TCRBJ02	TCRBJ02-01	01				0	1	8	0	8	4	33	50	51	55	63	2	In	VDJ												
CTGACAGTGACCAGTGCCCATCCTGAAGACAGCAGCTTCTACATCTGCAGTGCGGGGGGTCAGGGTGAAAAACTGTTTTTTGGCAGT	CSAGGQGEKLFF	2	0.0030816640986132513	36	TCRBV20	TCRBV20				TCRBV20-01,TCRBV20-or09_02		TCRBD02-01*01	TCRBD02	TCRBD02-01	01				TCRBJ01-04*01	TCRBJ01	TCRBJ01-04	01				6	0	9	1	6	7	45	-1	53	59	65	2	In	VDJ												
GAGTCCGCCAGCACCAACCAGACATCTATGTACCTCTGTGCCACCGACCCCGGGCAGGGGGACCTTAATGAGCAGTTCTTCGGGCCA	CATDPGQGDLNEQFF	1	0.0015408320493066256	45	TCRBV28-01*01	TCRBV28	TCRBV28-01	01				TCRBD01-01*01	TCRBD01	TCRBD01-01	01				TCRBJ02-01*01	TCRBJ02	TCRBJ02-01	01				10	11	4	1	5	7	36	43	54	61	66	1	In	VDJ												
ATCCAGCAGGTAGTGCGAGGAGATTCGGCAGCTTATTTCTGTGCCAGCTCAGAGGGACAGGGAGTCAATGAGCAGTTCTTCGGGCCA	CASSEGQGVNEQFF	1	0.0015408320493066256	42	TCRBV18-01*01	TCRBV18	TCRBV18-01	01				TCRBD01-01*01	TCRBD01	TCRBD01-01	01				TCRBJ02-01*01	TCRBJ02	TCRBJ02-01	01				5	2	0	3	3	6	39	51	53	62	65	1	In	VDJ												
TCCGCTACCAGCTCCCAGACATCTGTGTACTTCTGTGCCATCAGTGAGGACTCGCCTGGACAGGGCGGGGAGCAGTTCTTCGGGCCA	CAISEDSPGQGGEQFF	3	0.004622496147919877	48	TCRBV10-03*01	TCRBV10	TCRBV10-03	01				TCRBD01-01*01	TCRBD01	TCRBD01-01	01				TCRBJ02-01*01	TCRBJ02	TCRBJ02-01	01				2	9	1	3	4	10	33	48	57	65	69	3	In	VDJ												
AGTGACCAGTGCCCATCCTGAAGACAGCAGCTTCTACGCCGGGAGAAGGCGGGGGGGCCGTACATAGAGACCCAGTACTTCGGGCCA		2	0.0030816640986132513	41	TCRBV20	TCRBV20				TCRBV20-01,TCRBV20-or09_02		TCRBD02-01*01	TCRBD02	TCRBD02-01	01				TCRBJ02-05*01	TCRBJ02	TCRBJ02-05	01				17	11	7	0	8	4	40	37	48	57	65	2	Out	VDJ												
GAGTCCGCCAGCACCAACCAGACATCTATGTACCTCTGTGCCAGCACCACGGGACTAGCGTTTTCCTACGAGCAGTACTTCGGGCCG	CASTTGLAFSYEQYF	2	0.0030816640986132513	45	TCRBV28-01*01	TCRBV28	TCRBV28-01	01				TCRBD02-01	TCRBD02	TCRBD02-01				01,02	TCRBJ02-07*01	TCRBJ02	TCRBJ02-07	01				7	4	0	6	3	1	36	46	50	60	63	2	In	VDJ												
GAGCAGGGGGACTCGGCCATGTATCTCTGTGCCAGCAGCCTCGGACAGGGGGGATCTCTTTGGGCCAACGTCCTGACTTTCGGGGCC	CASSLGQGGSLWANVLTF	4	0.0061633281972265025	54	TCRBV07-09*01	TCRBV07	TCRBV07-09	01				TCRBD01-01*01	TCRBD01	TCRBD01-01	01				TCRBJ02-06*01	TCRBJ02	TCRBJ02-06	01				5	3	1	1	9	5	27	39	42	52	61	4	In	VDJ												
CAGCCAGAAGACTCGGCCCTGTATCTCTGCGCCAGCAGCCAAGCTAGCGGGAGGGTTGGAGGCACAGATACGCAGTATTTTGGCCCA	CASSQASGRVGGTDTQYF	3	0.004622496147919877	54	TCRBV04-03*01	TCRBV04	TCRBV04-03	01				TCRBD02-01*02	TCRBD02	TCRBD02-01	02				TCRBJ02-03*01	TCRBJ02	TCRBJ02-03	01				1	0	4	0	6	1	27	-1	43	55	61	3	In	VDJ												
GCCTGCAGAGCAGGGGGACTCGGCCGTGTATGTCTGTGCAAGTCGCTTAGGGTCAACGCGAACACCGGGGAGCTGTTTTTTGGAGAA		1	0.0015408320493066256	47	TCRBV12-02*01	TCRBV12	TCRBV12-02	01								TCRBD01,TCRBD02	TCRBD01-01,TCRBD02-01		TCRBJ02-02*01	TCRBJ02	TCRBJ02-02	01				1	0	0	10	6	0	34	-1	50	52	58	1	Out	VDJ												
GGAGCTGGGGGACTCGGCCCTGTATCTCTGTGCCAGAAATGGAACGGGCCCCCTATGGAAATGAACACTGAAGCTTTCTTTGGACAA		1	0.0015408320493066256	53	TCRBV05-03	TCRBV05	TCRBV05-03				01,02					TCRBD01,TCRBD02	TCRBD01-01,TCRBD02-01		TCRBJ01-01*01	TCRBJ01	TCRBJ01-01	01				6	7	8	0	12	0	28	38	45	49	61	1	Out	VDJ												
ATCCAGCCTGCAGAGCTTGGGGACTCGGCCGTGTATCTCTGTGCCAGCATCAAGACTAGCGGGAGAGAGACCCAGTACTTCGGGCCA	CASIKTSGRETQYF	1	0.0015408320493066256	42	TCRBV11-03*01	TCRBV11	TCRBV11-03	01				TCRBD02-01*02	TCRBD02	TCRBD02-01	02				TCRBJ02-05*01	TCRBJ02	TCRBJ02-05	01				7	4	2	2	0	4	39	49	53	-1	65	1	In	VDJ												
GAGTCCGCCAGCACCAACCAGACATCTATGTACCTCTGTGCCAGCAGTCCGGGGGGAACTATGAACACTGAAGCTTTCTTTGGACAA	CASSPGGTMNTEAFF	3	0.004622496147919877	45	TCRBV28-01*01	TCRBV28	TCRBV28-01	01				TCRBD02-01*01	TCRBD02	TCRBD02-01	01				TCRBJ01-01*01	TCRBJ01	TCRBJ01-01	01				5	1	8	1	5	0	36	48	49	56	61	3	In	VDJ												
TCCACAAAGCTGGAGGACTCAGCCATGTACTTCTGTGCCATCGAGAGAGGTACAGACAGGACTAAAGAGACCCAGTACTTCGGGCCA	CAIERGTDRTKETQYF	1	0.0015408320493066256	48	TCRBV02-01	TCRBV02	TCRBV02-01				01,03					TCRBD01,TCRBD02	TCRBD01-01,TCRBD02-01		TCRBJ02-05*01	TCRBJ02	TCRBJ02-05	01				10	14	2	4	4	3	33	40	54	60	64	1	In	VDJ												
ACATCGGCCCAAAAGAACCCGACAGCTTTCTATCTCTGTGCCAGTAGTTTGGACGGCAGCTCCTACAATGAGCAGTTCTTCGGGCCA	CASSLDGSSYNEQFF	5	0.007704160246533128	45	TCRBV19-01*01	TCRBV19	TCRBV19-01	01								TCRBD01,TCRBD02	TCRBD01-01,TCRBD02-01		TCRBJ02-01*01	TCRBJ02	TCRBJ02-01	01				5	2	1	7	5	0	36	48	50	54	59	5	In	VDJ												
CTGAGCTCTCTGGAGCTGGGGGACTCAGCTTTGTATTTCTGTGCCAGCAGCGTGGACGGTAGCAATCAGCCCCAGCATTTTGGTGAT	CASSVDGSNQPQHF	1	0.0015408320493066256	42	TCRBV09-01*01	TCRBV09	TCRBV09-01	01								TCRBD01,TCRBD02	TCRBD01-01,TCRBD02-01		TCRBJ01-05*01	TCRBJ01	TCRBJ01-05	01				2	0	1	7	2	0	39	-1	53	57	59	1	In	VDJ												
CAGCCTGCAGAGCTTGGGGACTCGGCCGTGTATCTCTGTGCCAGCAGCCCGGGACGGAGTTCCGCGGAGACCCAGTACTTCGGGCCA	CASSPGRSSAETQYF	2	0.0030816640986132513	45	TCRBV11-03*01	TCRBV11	TCRBV11-03	01								TCRBD01,TCRBD02	TCRBD01-01,TCRBD02-01		TCRBJ02-05*01	TCRBJ02	TCRBJ02-05	01				5	2	0	7	11	5	36	48	50	55	66	2	In	VDJ												
AACGCCTTGGAGCTGGAGGACTCGGCCCTGTATCTCTGTGCCAGCAGCTCTAGACTAGCTCTAACCGGGGAGCTGTTTTTTGGAGAA	CASSSRLALTGELFF	1	0.0015408320493066256	45	TCRBV05-08*01	TCRBV05	TCRBV05-08	01				TCRBD02-01	TCRBD02	TCRBD02-01				01,02	TCRBJ02-02*01	TCRBJ02	TCRBJ02-02	01				3	3	2	7	4	5	36	49	52	59	63	1	In	VDJ												
TCAGAACCCAGGGACTCAGCTGTGTACTTCTGTGCCAGCAGTTTACCTCGTTTTCTAGCCCACGACAATGAGCAGTTCTTCGGGCCA	CASSLPRFLAHDNEQFF	1	0.0015408320493066256	51	TCRBV12	TCRBV12				TCRBV12-03/12-04,TCRBV12-04		TCRBD02-01	TCRBD02	TCRBD02-01				01,02	TCRBJ02-01*01	TCRBJ02	TCRBJ02-01	01				2	9	4	7	5	5	30	45	54	59	64	1	In	VDJ												
CAGCAGGTAGTGCGAGGAGATTCGGCAGCTTATTTCTGTGCCAGCTCACCACGAGGGGTATATAATGAAAAACTGTTTTTTGGCAGT	CASSPRGVYNEKLFF	1	0.0015408320493066256	45	TCRBV18-01*01	TCRBV18	TCRBV18-01	01								TCRBD01,TCRBD02	TCRBD01-01,TCRBD02-01		TCRBJ01-04*01	TCRBJ01	TCRBJ01-04	01				1	1	5	2	4	4	36	52	53	58	62	1	In	VDJ												
TGAGCACCTTGGAGCTGGGGGACTCGGCCCTTTATCTTTGCGCCAGCAGCTTGAGACAGGTCGCAGGAAAAACTGTTTTTTGGCAGT		2	0.0030816640986132513	43	TCRBV05-01*01	TCRBV05	TCRBV05-01	01				TCRBD01-01*01	TCRBD01	TCRBD01-01	01				TCRBJ01-04*01	TCRBJ01	TCRBJ01-04	01				1	1	2	4	6	8	38	53	54	60	66	2	Out	VDJ												
GTCCGCCAGCACCAACCAGACATCTATGTACCTCTGTGCCAGCAGTTTTGTTTCGGCCTTTTCCCCCTTGAGCAGTTCTTCGGGCCA		1	0.0015408320493066256	47	TCRBV28-01*01	TCRBV28	TCRBV28-01	01								TCRBD01,TCRBD02	TCRBD01-01,TCRBD02-01		TCRBJ02-01*01	TCRBJ02	TCRBJ02-01	01				3	6	9	0	11	9	34	48	54	57	68	1	Out	VDJ												
GTGACCAGTGCCCATCCTGAAGACAGCAGCTTCTACATCTGCAGTGCTAGGGACCCTAGGTTAGAGGGGAAGCAGTATTTTGGCCCA	CSARDPRLEGKQYF	6	0.009244992295839754	42	TCRBV20	TCRBV20				TCRBV20-01,TCRBV20-or09_02						TCRBD01,TCRBD02	TCRBD01-01,TCRBD02-01		TCRBJ02-03*01	TCRBJ02	TCRBJ02-03	01				3	14	5	2	2	11	39	50	64	69	71	6	In	VDJ												
ACAGTGACCAGTGCCCATCCTGAAGACAGCAGCTTCTACATCTGCAGTGCTAGGATGACACGCGACTTGAGCGCTTTCTTTGGACAA	CSARMTRDLSAFF	1	0.0015408320493066256	39	TCRBV20	TCRBV20				TCRBV20-01,TCRBV20-or09_02						TCRBD01,TCRBD02	TCRBD01-01,TCRBD02-01		TCRBJ01-01*01	TCRBJ01	TCRBJ01-01	01				3	3	2	6	12	11	42	53	56	60	72	1	In	VDJ												
CAGCGCACAGAGCAGGGGGACTCGGCCATGTATCTCTGTGCCAGCAGCCGGGGCATCGGGACAACCTACGAGCAGTACTTCGGGCCG	CASSRGIGTTYEQYF	1	0.0015408320493066256	45	TCRBV07-09*01	TCRBV07	TCRBV07-09	01				TCRBD01-01*01	TCRBD01	TCRBD01-01	01				TCRBJ02-07*01	TCRBJ02	TCRBJ02-07	01				5	9	0	6	1	2	36	48	57	63	64	1	In	VDJ												
CAGCCCTCAGAACCCAGGGACTCAGCTGTGTACTTCTGTGCCAGCAGCAACCGGGTTGCCGGGGAAAATGAGCAGTTCTTCGGGCCA	CASSNRVAGENEQFF	1	0.0015408320493066256	45	TCRBV12	TCRBV12				TCRBV12-03/12-04,TCRBV12-04		TCRBD02-01*01	TCRBD02	TCRBD02-01	01				TCRBJ02-01*01	TCRBJ02	TCRBJ02-01	01				6	12	8	3	2	7	36	47	59	64	66	1	In	VDJ												
CCTGCAGAGCTTGGGGACTCGGCCGTGTATCTCTGTGCCAGCAGCTCGTGGGGGGGAGCGAACACCGGGGAGCTGTTTTTTGGAGAA	CASSSWGGANTGELFF	1	0.0015408320493066256	48	TCRBV11-03*01	TCRBV11	TCRBV11-03	01				TCRBD02-01*01	TCRBD02	TCRBD02-01	01				TCRBJ02-02*01	TCRBJ02	TCRBJ02-02	01				4	3	9	0	2	0	33	46	49	56	58	1	In	VDJ												
GTGACCAGTGCCCATCCTGAAGACAGCAGCTTCTACATCTGCAGTGCTCGCACTAGCGGAGATTCCTACGAGCAGTACTTCGGGCCG	CSARTSGDSYEQYF	1	0.0015408320493066256	42	TCRBV20	TCRBV20				TCRBV20-01,TCRBV20-or09_02		TCRBD02-01	TCRBD02	TCRBD02-01				01,02	TCRBJ02-07*01	TCRBJ02	TCRBJ02-07	01				5	3	3	5	4	1	39	48	51	59	63	1	In	VDJ												
TCTCTGGAGCTGGGGGACTCAGCTTTGTATTTCTGTGCCAGCAGCGTAGTTGTTAAGGGGCATTCGGGTGGCTACACCTTCGGTTCG	CASSVVVKGHSGGYTF	1	0.0015408320493066256	48	TCRBV09-01*01	TCRBV09	TCRBV09-01	01				TCRBD01-01*01	TCRBD01	TCRBD01-01	01				TCRBJ01-02*01	TCRBJ01	TCRBJ01-02	01				0	6	5	2	8	7	33	49	55	60	68	1	In	VDJ												
AGCACCTTGGAGCTGGGGGACTCGGCCCTTTATCTTTGCGCCAGCAGCTTCCTAGTAACGTCCTACAATGAGCAGTTCTTCGGGCCA	CASSFLVTSYNEQFF	6	0.009244992295839754	45	TCRBV05-01*01	TCRBV05	TCRBV05-01	01				TCRBD02-01	TCRBD02	TCRBD02-01				01,02	TCRBJ02-01*01	TCRBJ02	TCRBJ02-01	01				2	1	4	8	5	1	36	50	51	55	60	6	In	VDJ												
ACGTTTGGTGTGTCGGCTGCTCCCTCCCAGACATCTGTGTACTTCTGTGCCAGCATTAACAGGGACCAGACCCAGTACTTCGGGCCA	CASINRDQTQYF	5	0.007704160246533128	36	TCRBV06-05*01	TCRBV06	TCRBV06-05	01				TCRBD01-01*01	TCRBD01	TCRBD01-01	01				TCRBJ02-05*01	TCRBJ02	TCRBJ02-05	01				7	3	3	3	3	6	45	55	58	64	67	5	In	VDJ												
GGTGTGTCGGCTGCTCCCTCCCAGACATCTGTGTACTTCTGTGCCAGCAGTGAGCTCGATGCTTCCCAGCCCCAGCATTTTGGTGAT	CASSELDASQPQHF	4	0.0061633281972265025	42	TCRBV06-01*01	TCRBV06	TCRBV06-01	01								TCRBD01,TCRBD02	TCRBD01-01,TCRBD02-01		TCRBJ01-05*01	TCRBJ01	TCRBJ01-05	01				3	4	2	8	7	7	39	53	57	59	66	4	In	VDJ												
CAGCGCACAGAGCAGGAGGACTCGGCCGTGTATCTCTGTGCCAGCAGCGCTCGACAGGGGCCTAGCGATGAGCAGTTCTTCGGGCCA	CASSARQGPSDEQFF	3	0.004622496147919877	45	TCRBV07-02	TCRBV07	TCRBV07-02				01,02	TCRBD01-01*01	TCRBD01	TCRBD01-01	01				TCRBJ02-01*01	TCRBJ02	TCRBJ02-01	01				5	4	2	2	7	8	36	48	52	60	67	3	In	VDJ												
CTCCCAGACATCTGTGTACTTGTGTGCCAGCAGGGAGGCAGGATTACTTACTACGGCCCTGGGGCCAACGTCCTGACTTTCGGGGCC		1	0.0015408320493066256	59	TCRBV06-08*01	TCRBV06	TCRBV06-08	01				TCRBD02-01*02	TCRBD02	TCRBD02-01	02				TCRBJ02-06*01	TCRBJ02	TCRBJ02-06	01				6	0	10	1	20	2	22	-1	33	38	58	1	Out	VDJ												
TCCCTGGAGCTTGGTGACTCTGCTGTGTATTTCTGTGCCAGCAGCCTTCAAACGGACTGGCGATCCTACGAGCAGTACTTCGGGCCG	CASSLQTDWRSYEQYF	2	0.0030816640986132513	48	TCRBV03-01/03-02*01	TCRBV03	TCRBV03-01/03-02	01				TCRBD02-01	TCRBD02	TCRBD02-01				01,02	TCRBJ02-07*01	TCRBJ02	TCRBJ02-07	01				4	7	1	10	5	1	33	46	53	58	63	2	In	VDJ												
GTGTCGGCTGCTCCCTCCCAGACATCTGTGTACTTCTGTGCCAGCAGTGAAGCACAGGGACAGGCAGATACGCAGTATTTTGGCCCA	CASSEAQGQADTQYF	1	0.0015408320493066256	45	TCRBV06-01*01	TCRBV06	TCRBV06-01	01				TCRBD01-01*01	TCRBD01	TCRBD01-01	01				TCRBJ02-03*01	TCRBJ02	TCRBJ02-03	01				0	3	0	4	0	4	36	53	56	-1	64	1	In	VDJ												
CTGAAGATCCAGCGCACAGAGCAGGGGGACTCGGCCATGTATCTCTGTGCCAGCAGCTTAGGACAGTTAGGCTACACCTTCGGTTCG	CASSLGQLGYTF	1	0.0015408320493066256	36	TCRBV07-09*01	TCRBV07	TCRBV07-09	01				TCRBD01-01*01	TCRBD01	TCRBD01-01	01				TCRBJ01-02*01	TCRBJ01	TCRBJ01-02	01				1	0	2	5	3	8	45	-1	61	66	69	1	In	VDJ												
CGCACAGAGCAGGAGGACTCCGCCGTGTATCTCTGTGCCAGCAGCTTAGTCGGCCTAGCGGGGGAGTTGGAGCAGTACTTCGGGCCG	CASSLVGLAGELEQYF	1	0.0015408320493066256	48	TCRBV07-08*01	TCRBV07	TCRBV07-08	01				TCRBD02-01*01	TCRBD02	TCRBD02-01	01				TCRBJ02-07*01	TCRBJ02	TCRBJ02-07	01				1	5	4	2	5	7	33	49	54	64	69	1	In	VDJ												
TCGGCCCAAAAGAACCCGACAGCTTTCTATCTCTGTGCCAGTAGTATTGGACAGTCTCTAGCCAAAAACATTCAGTACTTCGGCGCC	CASSIGQSLAKNIQYF	1	0.0015408320493066256	48	TCRBV19-01*01	TCRBV19	TCRBV19-01	01				TCRBD01-01*01	TCRBD01	TCRBD01-01	01				TCRBJ02-04*01	TCRBJ02	TCRBJ02-04	01				3	1	1	5	5	0	33	47	48	54	59	1	In	VDJ												
GGAGTCTGCTGCCTCCTCCCAGACATCTGTATATTTCTGCGCCAGCAGCCCAACGCCGAACAGGGCGGGGAGCTGTTTTTTGGAGAA		1	0.0015408320493066256	44	TCRBV10-01*01	TCRBV10	TCRBV10-01	01				TCRBD01-01*01	TCRBD01	TCRBD01-01	01				TCRBJ02-02*01	TCRBJ02	TCRBJ02-02	01				6	11	3	3	0	7	37	48	59	-1	65	1	Out	VDJ												
GTGTGTCGGCTGCTCCCTCCCAAACATCTGTGTACTTCTGTGCCAGCAGCTACCGGGACAAGCTCCTACGAGCAGTACTTCGGGCCG		1	0.0015408320493066256	43	TCRBV06	TCRBV06				TCRBV06-02/06-03,TCRBV06-02		TCRBD01-01*01	TCRBD01	TCRBD01-01	01				TCRBJ02-07*01	TCRBJ02	TCRBJ02-07	01				2	1	0	6	2	0	38	53	54	60	62	1	Out	VDJ												
GCTACCCGCTCCCAGACATCTGTGTATTTCTGCGCCAGCAGGAGGATACTAGCGGGGGGTCCCGAGGGTACGCAGTATTTTGGCCCA	CASRRILAGGPEGTQYF	4	0.0061633281972265025	51	TCRBV10-02*01	TCRBV10	TCRBV10-02	01				TCRBD02-01*01	TCRBD02	TCRBD02-01	01				TCRBJ02-03*01	TCRBJ02	TCRBJ02-03	01				6	6	3	1	9	8	30	41	47	59	68	4	In	VDJ												
GTCAGGGGACACAGCACTGTATTTCTGTGCCAGCAGCCAGGGACTAGCGGGAGGGGGATCATCACAGATACGCAGTATTTTGGCCCA		1	0.0015408320493066256	56	TCRBV21-01*01	TCRBV21	TCRBV21-01	01				TCRBD02-01*02	TCRBD02	TCRBD02-01	02				TCRBJ02-03*01	TCRBJ02	TCRBJ02-03	01				5	2	0	0	7	2	25	37	39	55	62	1	Out	VDJ												
TTGGAGCTGGGGGACTCGGCCCTTTATCTTTGCGCCAGCAGCCCCTACCCGGACTAGCGGGAGTACGATGAGCAGTTCTTCGGGCCA	CASSPYPD*REYDEQFF	1	0.0015408320493066256	51	TCRBV05-01*01	TCRBV05	TCRBV05-01	01				TCRBD02-01*02	TCRBD02	TCRBD02-01	02				TCRBJ02-01*01	TCRBJ02	TCRBJ02-01	01				4	8	1	2	4	8	30	42	50	63	67	1	Stop	VDJ												
CAAGCCACGTTTGGTGACTCTGAAGATCCAGCGCACAGAGCAGGGGGACTCGGCCATGTATCTCTGTGCCAATCTTACTTCGGGCCA		3	0.004622496147919877	17	TCRBV07-09	TCRBV07	TCRBV07-09				01,05,06	TCRBD02-01	TCRBD02	TCRBD02-01				01,02	TCRBJ02-05*01	TCRBJ02	TCRBJ02-05	01				10	2	4	10	0	14	64	71	73	-1	75	3	Out	VDJ												
GGAGATCCAGTCCACGGAGTCAGGGGACACAGCACTGTATTTTGTACGGGGGAGCCCCTAAGCACAGATACGCAGTATTTTGGCCCA		1	0.0015408320493066256	38	TCRBV21-01*01	TCRBV21	TCRBV21-01	01				TCRBD02-01*01	TCRBD02	TCRBD02-01	01				TCRBJ02-03*01	TCRBJ02	TCRBJ02-03	01				18	4	8	2	8	0	43	42	46	52	60	1	Out	VDJ												
TTTGGTGTGTCGGCTGCTCCCTCCCAAACATCTGTGTACTTCTGTGCCAGCAATAAACAGGGGGCCACTGAAGCTTTCTTTGGACAA	CASNKQGATEAFF	1	0.0015408320493066256	39	TCRBV06	TCRBV06				TCRBV06-02/06-03,TCRBV06-02		TCRBD01-01*01	TCRBD01	TCRBD01-01	01				TCRBJ01-01*01	TCRBJ01	TCRBJ01-01	01				7	4	3	0	0	4	42	52	56	-1	65	1	In	VDJ												
AACCTGAGCTCTCTGGAGCTGGGGGACTCAGCTTTGTATTTCTGTGCCAGCAGCGCCCAGGGGGCGTACGAGCAGTACTTCGGGCCG	CASSAQGAYEQYF	1	0.0015408320493066256	39	TCRBV09-01*01	TCRBV09	TCRBV09-01	01				TCRBD01-01*01	TCRBD01	TCRBD01-01	01				TCRBJ02-07*01	TCRBJ02	TCRBJ02-07	01				3	2	4	0	1	4	42	55	57	65	66	1	In	VDJ												
GGTGTGTCGGCTGCTCCCTCCCAGACATCTGTGTACTTCTGTGCCAGCAGGAGGGGGGGGTCGACAGATACGCAGTATTTTGGCCCA	CASRRGGSTDTQYF	1	0.0015408320493066256	42	TCRBV06-05*01	TCRBV06	TCRBV06-05	01				TCRBD02-01*01	TCRBD02	TCRBD02-01	01				TCRBJ02-03*01	TCRBJ02	TCRBJ02-03	01				6	2	9	0	4	3	39	50	52	59	63	1	In	VDJ												
CACGGAGTCAGGGGACACAACACTGTATTTCTGTGCCAGCAGACCTAGGATAGCTACATTGGCCATCAGCCCCAGCATTTTGGTGAT		1	0.0015408320493066256	50	TCRBV21-01*01	TCRBV21	TCRBV21-01	01				TCRBD02-01	TCRBD02	TCRBD02-01				01,02	TCRBJ01-05*01	TCRBJ01	TCRBJ01-05	01				6	2	4	8	16	5	31	42	44	48	64	1	Out	VDJ												
GCGTCTGCTGTACCCTCTCAGACATCTGTGTACTTCTGTGCCAGCAGTGACTCAGGACAGGAACATTCACCCCTCCACTTTGGGAAT	CASSDSGQEHSPLHF	1	0.0015408320493066256	45	TCRBV06-04*01	TCRBV06	TCRBV06-04	01				TCRBD01-01*01	TCRBD01	TCRBD01-01	01				TCRBJ01-06*01	TCRBJ01	TCRBJ01-06	01				0	1	1	4	3	8	36	53	54	61	64	1	In	VDJ												
AAGATCCAGCGCACAGAGCAGCGGGACTCGGCCATGTATCGCTGTGCCAGCAGCAACGGTATGGACAATGAGCAGTTCTTCGGGCCA	CASSNGMDNEQFF	1	0.0015408320493066256	39	TCRBV07-06*01	TCRBV07	TCRBV07-06	01				TCRBD02-01	TCRBD02	TCRBD02-01				01,02	TCRBJ02-01*01	TCRBJ02	TCRBJ02-01	01				5	2	8	5	5	5	42	54	56	59	64	1	In	VDJ												
ACCTTGGAGCTGGGGGACTCGGCCCTTTATCTTTGCGCCAGCAGCTTGGACCGGACTAGTCTTGCCGGGGAGCTGTTTTTTGGAGAA	CASSLDRTSLAGELFF	1	0.0015408320493066256	48	TCRBV05-01*01	TCRBV05	TCRBV05-01	01				TCRBD02-01	TCRBD02	TCRBD02-01				01,02	TCRBJ02-02*01	TCRBJ02	TCRBJ02-02	01				0	3	1	8	5	6	33	49	52	59	64	1	In	VDJ												
GGTGTGTCGGCTGCTCCCTCCCAGACATCTGTGTACTTCTGTGCCAGCAGTTACTCGGGGCAGGCTGCCGAGCAGTACTTCGGGCCG	CASSYSGQAAEQYF	1	0.0015408320493066256	42	TCRBV06-05*01	TCRBV06	TCRBV06-05	01				TCRBD01-01*01	TCRBD01	TCRBD01-01	01				TCRBJ02-07*01	TCRBJ02	TCRBJ02-07	01				0	0	7	0	7	6	39	-1	56	61	68	1	In	VDJ												
TCGCCCAGCCCCAACCAGACCTCTCTGTACTTCTGTGCCAGCAGTTTTGACGCCGGGACAGGGAGTAACGAGCAGTACTTCGGGCCG	CASSFDAGTGSNEQYF	1	0.0015408320493066256	48	TCRBV27-01*01	TCRBV27	TCRBV27-01	01				TCRBD01-01*01	TCRBD01	TCRBD01-01	01				TCRBJ02-07*01	TCRBJ02	TCRBJ02-07	01				3	7	0	3	4	5	33	47	54	63	67	1	In	VDJ												
TCGGCTGCTCCCTCCCAGACATCTGTGTACTTCTGTGCCAGCAGTTACGGTCTAGCGGGGGTTCAAGAGACCCAGTACTTCGGGCCA	CASSYGLAGVQETQYF	1	0.0015408320493066256	48	TCRBV06-05*01	TCRBV06	TCRBV06-05	01				TCRBD02-01*01	TCRBD02	TCRBD02-01	01				TCRBJ02-05*01	TCRBJ02	TCRBJ02-05	01				2	3	4	2	2	2	33	48	51	61	63	1	In	VDJ												
CAGGAGGACTCCGCCGTGTATCTCTGTGCCAGCAGCTTAGCCCTAGCGGGAGGGGGGAGCTCCTACAATGAGCAGTTCTTCGGGCCA	CASSLALAGGGSSYNEQFF	1	0.0015408320493066256	57	TCRBV07-08*01	TCRBV07	TCRBV07-08	01				TCRBD02-01*02	TCRBD02	TCRBD02-01	02				TCRBJ02-01*01	TCRBJ02	TCRBJ02-01	01				0	1	4	0	5	0	24	41	42	54	59	1	In	VDJ												
ATCCAGCAGGTAGTGCGAGGAGATTCGGCAGCTTATTTCTGTGCCAGCTCACCCAAAGCGGGACAAGAGACCCAGTACTTCGGGCCA	CASSPKAGQETQYF	1	0.0015408320493066256	42	TCRBV18-01*01	TCRBV18	TCRBV18-01	01				TCRBD02-01*02	TCRBD02	TCRBD02-01	02				TCRBJ02-05*01	TCRBJ02	TCRBJ02-05	01				3	3	6	3	0	2	39	53	56	-1	63	1	In	VDJ												
TCCCTCCCAGACATCTGTGTACTTCTGTGCCAGCAGTAACCGGGGGGGCTACAGGTGACTAGCACAGATACGCAGTATTTTGGCCCA		5	0.007704160246533128	56	TCRBV06	TCRBV06				TCRBV06-01,TCRBV06-05,TCRBV06-06		TCRBD02-01*01	TCRBD02	TCRBD02-01	01				TCRBJ02-03*01	TCRBJ02	TCRBJ02-03	01				5	3	8	0	12	0	25	37	40	48	60	5	Out	VDJ												
ACCTGTGTGCCACCAGCCGGTGAAAAGACTCTCAAAGGGGGGGGGACTAGCGGGCCGAGCTCCTACAATGAGCAGTTCTTCGGGCCA		1	0.0015408320493066256	76	TCRBV15-01	TCRBV15	TCRBV15-01				01,02	TCRBD02-01	TCRBD02	TCRBD02-01				01,02	TCRBJ02-01*01	TCRBJ02	TCRBJ02-01	01				5	25	0	4	5	0	5	17	42	54	59	1	Out	VDJ												
GGTGTGTCGGCTGCTCCCTCCCAGACATCTGTGTACTTCTGTGCCAGCATGGACAGGGGGAGAACAGATACGCAGTATTTTGGCCCA	CASMDRGRTDTQYF	3	0.004622496147919877	42	TCRBV06-05*01	TCRBV06	TCRBV06-05	01				TCRBD01-01*01	TCRBD01	TCRBD01-01	01				TCRBJ02-03*01	TCRBJ02	TCRBJ02-03	01				7	1	1	1	3	3	39	49	50	60	63	3	In	VDJ												
CCCTCTCAGACATCTGTGTACTTCTGTGCCAGCAGACAGCATAAGACTAGCGGGGGGAAGAACACCGGGGAGCTGTTTTTTGGAGAA	CASRQHKTSGGKNTGELFF	1	0.0015408320493066256	57	TCRBV06-04*01	TCRBV06	TCRBV06-04	01				TCRBD02-01*01	TCRBD02	TCRBD02-01	01				TCRBJ02-02*01	TCRBJ02	TCRBJ02-02	01				6	9	2	1	2	1	24	35	44	57	59	1	In	VDJ												
CAGCGCACAGAGCAGGAGGACTCGGCCGTGTATCTCTGTGCCAGCAGCTCTCGACAGAACCTGAACACTGAAGCTTTCTTTGGACAA	CASSSRQNLNTEAFF	1	0.0015408320493066256	45	TCRBV07-02	TCRBV07	TCRBV07-02				01,02	TCRBD01-01*01	TCRBD01	TCRBD01-01	01				TCRBJ01-01*01	TCRBJ01	TCRBJ01-01	01				4	3	2	5	4	0	36	49	52	57	61	1	In	VDJ												
AAGCTTGAGGACTCGGCCGTGTATCTCTGTGCCAGCAGCTTAGTACCCCTAGCGGGAATACTCACAGATACGCAGTATTTTGGCCCA	CASSLVPLAGILTDTQYF	1	0.0015408320493066256	54	TCRBV11-02	TCRBV11	TCRBV11-02				01,03	TCRBD02-01*02	TCRBD02	TCRBD02-01	02				TCRBJ02-03*01	TCRBJ02	TCRBJ02-03	01				1	5	4	3	5	2	27	43	48	57	62	1	In	VDJ												
ACCTGTGTGCCACCAGCCGGTGAAAAGACTCGCAAAGGGGGGGGGACTAGCGGGCCGAGCTCCTACAATGAGCAGTTCTTCGGGCCA		1	0.0015408320493066256	76	TCRBV15-01	TCRBV15	TCRBV15-01				01,02	TCRBD02-01	TCRBD02	TCRBD02-01				01,02	TCRBJ02-01*01	TCRBJ02	TCRBJ02-01	01				5	25	0	4	5	0	5	17	42	54	59	1	Out	VDJ												
ACAGAGCAGGAGGACTCGGCCGTGTATCTCTGTGCCAGCAGCTTAGTCGGCCTAGAAGGCCCCGGGGGTACGCAGTATTTTGGCCCA	CASSLVGLEGPGGTQYF	1	0.0015408320493066256	51	TCRBV07-02	TCRBV07	TCRBV07-02				01,02	TCRBD02-01*01	TCRBD02	TCRBD02-01	01				TCRBJ02-03*01	TCRBJ02	TCRBJ02-03	01				1	16	8	2	0	8	30	46	62	-1	68	1	In	VDJ												
TACCCTCTCAGACATCTGTGTACTTCTGTGCCAGCAGTCTCTGGGGACACGACCGGCGTAAGCACAGATACGCAGTATTTTGGCCCA		1	0.0015408320493066256	55	TCRBV06-04*01	TCRBV06	TCRBV06-04	01				TCRBD01-01*01	TCRBD01	TCRBD01-01	01				TCRBJ02-03*01	TCRBJ02	TCRBJ02-03	01				5	5	0	6	11	0	26	38	43	49	60	1	Out	VDJ												
TTCCAGCGCACAGAGCAGGAGGACTCCGCCGTGTATCTCTGTGCCAGCAGCTCAGGACAGGTACGAGATACGCAGTATTTTGGCCCA	CASSSGQVRDTQYF	1	0.0015408320493066256	42	TCRBV07-08*01	TCRBV07	TCRBV07-08	01				TCRBD01-01*01	TCRBD01	TCRBD01-01	01				TCRBJ02-03*01	TCRBJ02	TCRBJ02-03	01				4	2	1	4	4	5	39	52	54	61	65	1	In	VDJ												
TCACCAGGCCTGGGGGACGCAGCCATGTACCTGTGTGCCACCAGCAGCGGGACTAGCGGGGGCGCAGATACGCAGTATTTTGGCCCA	CATSSGTSGGADTQYF	1	0.0015408320493066256	48	TCRBV15-01*02	TCRBV15	TCRBV15-01	02				TCRBD02-01*01	TCRBD02	TCRBD02-01	01				TCRBJ02-03*01	TCRBJ02	TCRBJ02-03	01				3	1	0	2	2	4	33	47	48	62	64	1	In	VDJ												
ATTCCCTGGAGCTTGGTGACTCTGCTGTGTATTTCTGTGCCAGCAGCCAGGGGAGGGGGGGGCAATCAGCCCCAGCATTTTGGTGAT		1	0.0015408320493066256	46	TCRBV03-01/03-02*01	TCRBV03	TCRBV03-01/03-02	01				TCRBD02-01	TCRBD02	TCRBD02-01				01,02	TCRBJ01-05*01	TCRBJ01	TCRBJ01-05	01				3	5	9	0	0	2	35	49	54	-1	61	1	Out	VDJ												
AAGATCCAGCCTGCAGAGCTTGAGGACTCGGCCGTGTATCTCTGTGCCAGCAGCTTACAAAGGGTCTCAGGCTACACCTTCGGTTCG	CASSLQRVSGYTF	1	0.0015408320493066256	39	TCRBV11	TCRBV11				TCRBV11-02,TCRBV11-03						TCRBD01,TCRBD02	TCRBD01-01,TCRBD02-01		TCRBJ01-02*01	TCRBJ01	TCRBJ01-02	01				2	3	5	3	5	8	42	57	60	64	69	1	In	VDJ												
CCTTCTCAGTGACTCTGGCTTCTATCTCTGTGCCTGGAGAACCCAGGGGGGGGGCGTATATCATCAGAGACCCAGTACTTCGGGCCA		1	0.0015408320493066256	53	TCRBV30-01*01	TCRBV30	TCRBV30-01	01								TCRBD01,TCRBD02	TCRBD01-01,TCRBD02-01		TCRBJ02-05*01	TCRBJ02	TCRBJ02-05	01				3	4	4	1	15	4	28	39	43	50	65	1	Out	VDJ												
GATCCGGTCCACAAAGCTGGAGGACTCAGCCATGTACTTCTGTGCCAGCAGCGGCCTGGTGGGGGCGGCGAGCAGTACTTCGGGCCG		2	0.0030816640986132513	41	TCRBV02-01	TCRBV02	TCRBV02-01				01,03	TCRBD01-01*01	TCRBD01	TCRBD01-01	01				TCRBJ02-07*01	TCRBJ02	TCRBJ02-07	01				6	9	6	0	2	6	40	51	60	66	68	2	Out	VDJ												
CCTCAGAACCGGGAGACACGGCACTGTATCTCTGCGCCAGCAGTCAATCCCACTTTAGACTAGTAGTACGAGCAGTACTTCGGGCCG		2	0.0030816640986132513	49	TCRBV23-01*01	TCRBV23	TCRBV23-01	01				TCRBD02-01	TCRBD02	TCRBD02-01				01,02	TCRBJ02-07*01	TCRBJ02	TCRBJ02-07	01				0	8	2	8	3	4	32	49	57	63	66	2	Out	VDJ												
GTGAAGATCCAGCCCTCAGAACCCAGGGACTCAGCTGTGTACTTCTGTGCCAGCAGTTTTTCAGGGCAAGGCTACACCTTCGGTTCG	CASSFSGQGYTF	1	0.0015408320493066256	36	TCRBV12-03/12-04*01	TCRBV12	TCRBV12-03/12-04	01				TCRBD01-01*01	TCRBD01	TCRBD01-01	01				TCRBJ01-02*01	TCRBJ01	TCRBJ01-02	01				3	2	4	3	3	8	45	59	61	66	69	1	In	VDJ												
CTGGAGTCGCCCAGCCCCAACCAGACCTCTCTGTACTTCTGTGCCAGCAGTCCCCGGACGGCCGCCTACGAGCAGTACTTCGGGCCG	CASSPRTAAYEQYF	2	0.0030816640986132513	42	TCRBV27-01*01	TCRBV27	TCRBV27-01	01								TCRBD01,TCRBD02	TCRBD01-01,TCRBD02-01		TCRBJ02-07*01	TCRBJ02	TCRBJ02-07	01				5	4	1	7	5	2	39	51	55	59	64	2	In	VDJ												
AGTTCTAAGAAGCTCCTTCTCAGTGACTCTGGCTTCTATCTCTGTGCCTGGAGGGTCAACAGGGCTGGGGAGCTGTTTTTTGGAGAA	CAWRVNRAGELFF	2	0.0030816640986132513	39	TCRBV30-01*01	TCRBV30	TCRBV30-01	01				TCRBD01-01*01	TCRBD01	TCRBD01-01	01				TCRBJ02-02*01	TCRBJ02	TCRBJ02-02	01				3	5	3	3	2	8	42	53	58	64	66	2	In	VDJ												
GGCAATCCTGTCCTCAGAACCGGGAGACACGGCACTGTATCTCTGCGCCAGCAGAGAGACGGCAACTATGGCTACACCTTCGGTTCG		2	0.0030816640986132513	38	TCRBV23-01*01	TCRBV23	TCRBV23-01	01								TCRBD01,TCRBD02	TCRBD01-01,TCRBD02-01		TCRBJ01-02*01	TCRBJ01	TCRBJ01-02	01				6	3	2	7	3	2	43	54	57	60	63	2	Out	VDJ												
CTTCACCTACACGCCCTGCAGCCAGAAGACTCAGCCCTGTATCTCTGCGCCAGCAGGGAGGGAAACTATGGCTACACCTTCGGTTCG	CASREGNYGYTF	1	0.0015408320493066256	36	TCRBV04-01*01	TCRBV04	TCRBV04-01	01				TCRBD02-01*02	TCRBD02	TCRBD02-01	02				TCRBJ01-02*01	TCRBJ01	TCRBJ01-02	01				6	0	10	0	1	2	45	-1	56	62	63	1	In	VDJ												
TCGGCCCAAAAGAACCCGACAGCTTTCTATCTCTGTGCCAGTAGTATAGATCCCTTAGCGGGGGCCCATGAGCAGTTCTTCGGGCCA	CASSIDPLAGAHEQFF	2	0.0030816640986132513	48	TCRBV19-01*01	TCRBV19	TCRBV19-01	01				TCRBD02-01*01	TCRBD02	TCRBD02-01	01				TCRBJ02-01*01	TCRBJ02	TCRBJ02-01	01				0	5	5	2	3	8	33	50	55	64	67	2	In	VDJ												
CTGAGTTCTAAGAAGCTCCTTCTCAGTGACTCTGGCTTCTATCTCTGTGCCTGGAGTTCGGGGGCGGGGGCCCAGCATTTTGGTGAT	CAWSSGAGAQHF	2	0.0030816640986132513	36	TCRBV30-01*01	TCRBV30	TCRBV30-01	01				TCRBD02-01*01	TCRBD02	TCRBD02-01	01				TCRBJ01-05*01	TCRBJ01	TCRBJ01-05	01				2	6	7	2	0	11	45	57	63	-1	70	2	In	VDJ												
AAGATCCAGCGCACAGAGCAGGAGGACTCGGCCGTGTATCTCTGTGCCAGCAGCACCGAGGCGAATGAAAAACTGTTTTTTGGCAGT	CASSTEANEKLFF	2	0.0030816640986132513	39	TCRBV07-02	TCRBV07	TCRBV07-02				01,02	TCRBD02-01*02	TCRBD02	TCRBD02-01	02				TCRBJ01-04*01	TCRBJ01	TCRBJ01-04	01				5	3	11	1	2	5	42	54	57	61	63	2	In	VDJ												
CTCACTCTGGAGTCTGCTGCCTCCTCCCAGACATCTGTATATTTCTGCGCCAGCAGTCCAGGGATGTATGGCTACACCTTCGGTTCG	CASSPGMYGYTF	2	0.0030816640986132513	36	TCRBV10-01*01	TCRBV10	TCRBV10-01	01				TCRBD01-01*01	TCRBD01	TCRBD01-01	01				TCRBJ01-02*01	TCRBJ01	TCRBJ01-02	01				5	1	4	3	3	5	45	57	58	63	66	2	In	VDJ												
AACGCCTTGTTGCTGGGGGACTCGGCCCTGTATCTCTGTGCCAGCAGCCCTCCGACAGGGGGTTTAGAGACCCAGTACTTCGGGCCA	CASSPPTGGLETQYF	3	0.004622496147919877	45	TCRBV05-05*01	TCRBV05	TCRBV05-05	01				TCRBD01-01*01	TCRBD01	TCRBD01-01	01				TCRBJ02-05*01	TCRBJ02	TCRBJ02-05	01				4	5	2	1	3	4	36	48	53	62	65	3	In	VDJ												
GTGAGCAACATGAGCCCTGAAGACAGCAGCATATATCTCTGCAGCGCCGGCCGCCAGGACGCTAACTATGGCTACACCTTCGGTTCG	CSAGRQDANYGYTF	3	0.004622496147919877	42	TCRBV29-01*03	TCRBV29	TCRBV29-01	03								TCRBD01,TCRBD02	TCRBD01-01,TCRBD02-01		TCRBJ01-02*01	TCRBJ01	TCRBJ01-02	01				2	5	1	7	1	0	39	51	56	60	61	3	In	VDJ												
ATTCTGGAGTCCGCCAGCACCAACCAGACATCTATGTACCTCTGTGCCAGCAGCCTTACAGGGGGCCGTGGCTACACCTTCGGTTCG	CASSLTGGRGYTF	1	0.0015408320493066256	39	TCRBV28-01*01	TCRBV28	TCRBV28-01	01				TCRBD01-01*01	TCRBD01	TCRBD01-01	01				TCRBJ01-02*01	TCRBJ01	TCRBJ01-02	01				6	4	3	0	2	7	42	53	57	66	68	1	In	VDJ												
TTGGAGCTGGGGGACTCGGCCCTTTATCTTTGCGCCAGCAGCTCGCTCCGGGACGGGTTGAAATTGTCTGAAGCTTTCTTTGGACAA	CASSSLRDGLKLSEAFF	1	0.0015408320493066256	51	TCRBV05-01*01	TCRBV05	TCRBV05-01	01								TCRBD01,TCRBD02	TCRBD01-01,TCRBD02-01		TCRBJ01-01*01	TCRBJ01	TCRBJ01-01	01				3	6	0	7	13	6	30	43	49	54	67	1	In	VDJ												
TGGAGCTGGACGACTCGGCCCTGTATCTCTGTGCCAGCAGCTTGGAGCGTGGAGGAGTGCCCAGGGCATGAGCAGTTCTTCGGGCCA		1	0.0015408320493066256	52	TCRBV05-04*01	TCRBV05	TCRBV05-04	01								TCRBD01,TCRBD02	TCRBD01-01,TCRBD02-01		TCRBJ02-01*01	TCRBJ02	TCRBJ02-01	01				0	16	4	3	1	8	29	45	61	66	67	1	Out	VDJ												
ACAGTGACCAGTGCCCATCCTGAAGACAGCAGCTTCTACATCTGCAGTGCCACGGAGGTCCGTAATGAAAAACTGTTTTTTGGCAGT	CSATEVRNEKLFF	1	0.0015408320493066256	39	TCRBV20	TCRBV20				TCRBV20-01,TCRBV20-or09_02		TCRBD02-01*02	TCRBD02	TCRBD02-01	02				TCRBJ01-04*01	TCRBJ01	TCRBJ01-04	01				6	3	10	1	4	4	42	50	53	58	62	1	In	VDJ												
ACATCAATTCCCTGGAGCTTGGTGACTCTGCTGTGTATTTCTGTGCCAGCAGCCAAGACTTGCACAGATACGCAGTATTTTGGCCCA		1	0.0015408320493066256	40	TCRBV03-01/03-02*01	TCRBV03	TCRBV03-01/03-02	01				TCRBD02-01	TCRBD02	TCRBD02-01				01,02	TCRBJ02-03*01	TCRBJ02	TCRBJ02-03	01				0	0	4	10	1	1	41	-1	58	60	61	1	Out	VDJ												
GCCTTGTTGCTGGGGGACTCGGCCCTGTATCTCTGTGCCAGCAGCTTGGAGGGGACTAGCGGCACAGATACGCAGTATTTTGGCCCA	CASSLEGTSGTDTQYF	1	0.0015408320493066256	48	TCRBV05-05*01	TCRBV05	TCRBV05-05	01				TCRBD02-01	TCRBD02	TCRBD02-01				01,02	TCRBJ02-03*01	TCRBJ02	TCRBJ02-03	01				0	2	0	6	0	1	33	49	51	-1	61	1	In	VDJ												
ATCCAGCCTGCAGAGCTTGGGGACTCGGCCGTGTATCTCTGTGCCAGCAGCAACTGGGACACGTCCAATGAGCAGTTCTTCGGGCCA	CASSNWDTSNEQFF	1	0.0015408320493066256	42	TCRBV11-03*01	TCRBV11	TCRBV11-03	01				TCRBD01-01*01	TCRBD01	TCRBD01-01	01				TCRBJ02-01*01	TCRBJ02	TCRBJ02-01	01				5	4	0	6	4	6	39	51	55	61	65	1	In	VDJ												
ATGAGCTCCTTGGAGCTGGGGGACTCAGCCCTGTACTTCTGTGCCAGCAGCTTGGGGGAACCGAATGAAAAACTGTTTTTTGGCAGT	CASSLGEPNEKLFF	1	0.0015408320493066256	42	TCRBV13-01*01	TCRBV13	TCRBV13-01	01								TCRBD01,TCRBD02	TCRBD01-01,TCRBD02-01		TCRBJ01-04*01	TCRBJ01	TCRBJ01-04	01				3	0	6	1	5	5	39	-1	53	58	63	1	In	VDJ												
TCGGCCCAAAAGAACCCGACAGCTTTCTATCTCTGTGCCAGTAGTTATGGGGGTGTACTCAGCAATCAGCCCCAGCATTTTGGTGAT	CASSYGGVLSNQPQHF	6	0.009244992295839754	48	TCRBV19-01*01	TCRBV19	TCRBV19-01	01								TCRBD01,TCRBD02	TCRBD01-01,TCRBD02-01		TCRBJ01-05*01	TCRBJ01	TCRBJ01-05	01				5	3	6	1	7	1	33	45	48	53	60	6	In	VDJ												
AGTGCCCATCCTGAAGACAGCAGCTTCTACATCTGCAGTGCTACCAGGGGATTTGACAGGGGGAGTGGGGGCTACACCTTCGGTTCG	CSATRGFDRGSGGYTF	1	0.0015408320493066256	48	TCRBV20	TCRBV20				TCRBV20-01,TCRBV20-or09_02		TCRBD01-01*01	TCRBD01	TCRBD01-01	01				TCRBJ01-02*01	TCRBJ01	TCRBJ01-02	01				4	11	2	1	6	8	33	43	54	63	69	1	In	VDJ												
AGTTCTAAGAAGCTCCTTCTCAGTGACTCTGGCTTCTATCTCTGTGCCTGGAGTGTACAGGGTGTGACTGAAGCTTTCTTTGGACAA	CAWSVQGVTEAFF	2	0.0030816640986132513	39	TCRBV30-01*01	TCRBV30	TCRBV30-01	01				TCRBD01-01*01	TCRBD01	TCRBD01-01	01				TCRBJ01-01*01	TCRBJ01	TCRBJ01-01	01				0	0	3	3	4	5	42	-1	56	62	66	2	In	VDJ												
ATCCGGTCCACAAAGCTGGAGGACTCAGCCATGTACTTCTGTGCCAGCAGTGAAATAGGGGGACAAGGAAAACTGTTTTTTGGCAGT	CASSEIGGQGKLFF	1	0.0015408320493066256	42	TCRBV02-01	TCRBV02	TCRBV02-01				01,03	TCRBD01-01*01	TCRBD01	TCRBD01-01	01				TCRBJ01-04*01	TCRBJ01	TCRBJ01-04	01				2	5	0	6	3	10	39	54	59	65	68	1	In	VDJ												
GCTCACCAGGCCTGGGGGACGCAGCCATGTACCTGTGTGCCACCAGCAGAGGGACAGGAGAGCTCCTACGAGCAGTACTTCGGGCCG		1	0.0015408320493066256	46	TCRBV15-01*02	TCRBV15	TCRBV15-01	02				TCRBD01-01*01	TCRBD01	TCRBD01-01	01				TCRBJ02-07*01	TCRBJ02	TCRBJ02-07	01				1	0	1	4	4	0	35	-1	51	58	62	1	Out	VDJ												
ACCAGTGCCCATCCTGAAGACAGCAGCTTCTACATCTGCAGTGCTAGAGACCCGACTAGCGGGGGCAATGAGCAGTTCTTCGGGCCA	CSARDPTSGGNEQFF	1	0.0015408320493066256	45	TCRBV20	TCRBV20				TCRBV20-01,TCRBV20-or09_02		TCRBD02-01*01	TCRBD02	TCRBD02-01	01				TCRBJ02-01*01	TCRBJ02	TCRBJ02-01	01				0	3	2	2	0	6	36	50	53	-1	65	1	In	VDJ												
CGCACAGAGCAGGAGGACTCGGCCGTGTATCTCTGTGCCAGCAGCTTTAGCGGACTCCCGGGAGGGGATACGCAGTATTTTGGCCCA	CASSFSGLPGGDTQYF	1	0.0015408320493066256	48	TCRBV07-02	TCRBV07	TCRBV07-02				01,02	TCRBD02-01*02	TCRBD02	TCRBD02-01	02				TCRBJ02-03*01	TCRBJ02	TCRBJ02-03	01				3	11	8	0	0	6	33	47	58	-1	66	1	In	VDJ												
AACGCCTTGTTGCTGGGGGACTCGGCCCTGTATCTCTGTGCCAGCAGCAGGGGACAGGGCCCCTACAATGAGCAGTTCTTCGGGCCA	CASSRGQGPYNEQFF	1	0.0015408320493066256	45	TCRBV05-05*01	TCRBV05	TCRBV05-05	01				TCRBD01-01*01	TCRBD01	TCRBD01-01	01				TCRBJ02-01*01	TCRBJ02	TCRBJ02-01	01				4	2	0	3	2	2	36	48	50	59	61	1	In	VDJ												
ATCCAGCGCACAGAGCAGGGGGACTCGGCCATGTATCTCTGTGCCAGCAGCCACGGGACTGTGTTCTATGGCTACACCTTCGGTTCG	CASSHGTVFYGYTF	1	0.0015408320493066256	42	TCRBV07-09*01	TCRBV07	TCRBV07-09	01				TCRBD02-01	TCRBD02	TCRBD02-01				01,02	TCRBJ01-02*01	TCRBJ01	TCRBJ01-02	01				5	3	0	10	5	4	39	51	54	60	65	1	In	VDJ												
AAGATCCAGCGCACAGAGCAGGAGGACTCCGCCGTGTATCTCTGTGCCAGCAGTCCCAGACCCTCCGATACGCAGTATTTTGGCCCA	CASSPRPSDTQYF	1	0.0015408320493066256	39	TCRBV07-08	TCRBV07	TCRBV07-08				01,03					TCRBD01,TCRBD02	TCRBD01-01,TCRBD02-01		TCRBJ02-03*01	TCRBJ02	TCRBJ02-03	01				6	5	2	7	5	6	42	53	58	61	66	1	In	VDJ												
TGATTCTGGAGTCCGCCAGCACCAACCAGACATCTATGTACCTCTGTGCCAGCAGCTGGGTTTAATGAAAAACTGTTTTTTGGCAGT		1	0.0015408320493066256	37	TCRBV28-01*01	TCRBV28	TCRBV28-01	01								TCRBD01,TCRBD02	TCRBD01-01,TCRBD02-01		TCRBJ01-04*01	TCRBJ01	TCRBJ01-04	01				6	2	0	9	2	4	44	55	57	60	62	1	Out	VDJ												
CAGCCTGCAGAACTGGAGGATTCTGGAGTTTATTTCTGTGCCAGCAGCCAATCGGGGGCGCCGTCCTACGAGCAGTACTTCGGGCCG	CASSQSGAPSYEQYF	1	0.0015408320493066256	45	TCRBV14-01*01	TCRBV14	TCRBV14-01	01								TCRBD01,TCRBD02	TCRBD01-01,TCRBD02-01		TCRBJ02-07*01	TCRBJ02	TCRBJ02-07	01				2	2	6	0	4	1	36	51	53	59	63	1	In	VDJ												
ACATCGGCCCAAAAGAACCCGACAGCTTTCTATCTCTGTGCCAGTAGAGGACAGGGAGTGTTGAACACTGAAGCTTTCTTTGGACAA	CASRGQGVLNTEAFF	2	0.0030816640986132513	45	TCRBV19-01*01	TCRBV19	TCRBV19-01	01				TCRBD01-01*01	TCRBD01	TCRBD01-01	01				TCRBJ01-01*01	TCRBJ01	TCRBJ01-01	01				6	1	1	3	5	0	36	47	48	56	61	2	In	VDJ												
GGTGTGTCGGCTGCTCCCTCCCAGACATCTGTGTACTTCTGTGCCAGCATCACTCCAACGGGGTACTATGGCTACACCTTCGGTTCG	CASITPTGYYGYTF	1	0.0015408320493066256	42	TCRBV06-05*01	TCRBV06	TCRBV06-05	01				TCRBD02-01*01	TCRBD02	TCRBD02-01	01				TCRBJ01-02*01	TCRBJ01	TCRBJ01-02	01				7	9	8	3	1	3	39	49	58	63	64	1	In	VDJ												
GAGTCCGCCAGCACCAACCAGACATCTATGTACCTCTGTGCCAGCAGTGGGGGACAGGGGGCCTTGGAGACCCAGTACTTCGGGCCA	CASSGGQGALETQYF	1	0.0015408320493066256	45	TCRBV28-01*01	TCRBV28	TCRBV28-01	01				TCRBD01-01*01	TCRBD01	TCRBD01-01	01				TCRBJ02-05*01	TCRBJ02	TCRBJ02-05	01				5	2	0	0	4	5	36	48	50	62	66	1	In	VDJ												
ACGATCCAGCGCACAGAGCAGGAGGACTCGGCCGTGTATCTCTGTGCCAGCAGCTTTTTGGGTTACTACGAGCAGTACTTCGGGCCG	CASSFLGYYEQYF	1	0.0015408320493066256	39	TCRBV07-02	TCRBV07	TCRBV07-02				01,02					TCRBD01,TCRBD02	TCRBD01-01,TCRBD02-01		TCRBJ02-07*01	TCRBJ02	TCRBJ02-07	01				3	3	0	9	3	3	42	56	59	62	65	1	In	VDJ												
CAGCAGGTAGTGCGAGGAGATTCGGCAGCTTATTTCTGTGCCAGCTCACTCTCCGGGACAGCCAAAAACATTCAGTACTTCGGCGCC	CASSLSGTAKNIQYF	1	0.0015408320493066256	45	TCRBV18-01*01	TCRBV18	TCRBV18-01	01								TCRBD01,TCRBD02	TCRBD01-01,TCRBD02-01		TCRBJ02-04*01	TCRBJ02	TCRBJ02-04	01				4	5	0	7	0	0	36	49	54	-1	59	1	In	VDJ												
TCCCTGGAGCTTGGTGACTCTGCTGTGTATTTCTGTGCCAGCAGTGAAAAGGGGGTCAATGGGGATTCACCCCTCCACTTTGGGAAC	CASSEKGVNGDSPLHF	3	0.004622496147919877	48	TCRBV03-01/03-02*01	TCRBV03	TCRBV03-01/03-02	01				TCRBD01-01*01	TCRBD01	TCRBD01-01	01				TCRBJ01-06*02	TCRBJ01	TCRBJ01-06	02				6	5	5	1	9	8	33	44	49	55	64	3	In	VDJ												
CTGAAGATCCAGCGCACAGAGCAGGAGGACTCGGCCGTGTATCTCTGTGCCAGCAGCTTTACAGGCGTTGAGCAGTTCTTCGGGCCA	CASSFTGVEQFF	4	0.0061633281972265025	36	TCRBV07	TCRBV07				TCRBV07-02,TCRBV07-08		TCRBD01-01*01	TCRBD01	TCRBD01-01	01				TCRBJ02-01*01	TCRBJ02	TCRBJ02-01	01				3	1	3	4	3	9	45	59	60	65	68	4	In	VDJ												
ATCCAGCCCTCAGAACCCAGGGACTCAGCTGTGTACTTCTGTGCCAGCAGCAAGGGACAGGGAGCCACTGAAGCTTTCTTTGGACAA	CASSKGQGATEAFF	1	0.0015408320493066256	42	TCRBV12	TCRBV12				TCRBV12-03/12-04,TCRBV12-04		TCRBD01-01*01	TCRBD01	TCRBD01-01	01				TCRBJ01-01*01	TCRBJ01	TCRBJ01-01	01				6	3	0	3	3	4	39	50	53	62	65	1	In	VDJ												
CGCACAGAGCAGGAGGACTCGGCCGTGTATCTCTGTGCCAGCAGCCGGTCTAGCGGGGGGGCATCAGATACGCAGTATTTTGGCCCA	CASSRSSGGASDTQYF	1	0.0015408320493066256	48	TCRBV07-02	TCRBV07	TCRBV07-02				01,02	TCRBD02-01*01	TCRBD02	TCRBD02-01	01				TCRBJ02-03*01	TCRBJ02	TCRBJ02-03	01				5	4	4	0	3	4	33	45	49	61	64	1	In	VDJ												
TCCAGTCCACGGAGTCAGGGGACACAGCACTGTATTTCTGTGCCAGCAGTCTCATAGTAGATTCGCACTGAAGCTTTCTTTGGACAA		1	0.0015408320493066256	43	TCRBV21-01*01	TCRBV21	TCRBV21-01	01				TCRBD02-01	TCRBD02	TCRBD02-01				01,02	TCRBJ01-01*01	TCRBJ01	TCRBJ01-01	01				6	5	5	8	8	4	38	49	54	57	65	1	Out	VDJ												
ACCTTGGAGCTGGGGGACTCGGCCCTTTATCTTTGCGCCAGCCTCCCAACCCCAGGGCCCATGAACACTGAAGCTTTCTTTGGACAA	CASLPTPGPMNTEAFF	1	0.0015408320493066256	48	TCRBV05-01*01	TCRBV05	TCRBV05-01	01				TCRBD01-01*01	TCRBD01	TCRBD01-01	01				TCRBJ01-01*01	TCRBJ01	TCRBJ01-01	01				7	10	4	3	4	0	33	42	52	57	61	1	In	VDJ												
GACTCAGCCCTGTATCTCTGCGCCAGCAGCCAAGATGAGGGATTCGTCAATCCGGGGGACTCTGGAAACACCATATATTTTGGAGAG	CASSQDEGFVNPGDSGNTIYF	2	0.0030816640986132513	63	TCRBV04-01*01	TCRBV04	TCRBV04-01	01				TCRBD02-01*01	TCRBD02	TCRBD02-01	01				TCRBJ01-03*01	TCRBJ01	TCRBJ01-03	01				0	17	8	2	1	0	18	35	52	58	59	2	In	VDJ												
GAACCGGGAGACACGGCACTGTATCTCTGCGCCAGCAGTCAATAAGGGACAACAACACTGTACCAAGAGACCCAGTACTTCGGGCCA	CASSQ*GTTTLYQETQYF	1	0.0015408320493066256	54	TCRBV23-01*01	TCRBV23	TCRBV23-01	01				TCRBD01-01*01	TCRBD01	TCRBD01-01	01				TCRBJ02-05*01	TCRBJ02	TCRBJ02-05	01				1	2	0	6	10	0	27	43	45	51	61	1	Stop	VDJ												
AGCACCTTGGAGCTGGGGGACTCGGCCCTTTATCTTTGCGCCAGCAGCTTGTTGGTGCCAGGGAACACTGAAGCTTTCTTTGGACAA	CASSLLVPGNTEAFF	1	0.0015408320493066256	45	TCRBV05-01*01	TCRBV05	TCRBV05-01	01				TCRBD01-01*01	TCRBD01	TCRBD01-01	01				TCRBJ01-01*01	TCRBJ01	TCRBJ01-01	01				1	7	4	4	0	1	36	51	58	-1	62	1	In	VDJ												
ATGTGAGTGCCTTGGAGCTGGGGGACTCGGCCCTGTATCTCTGTGCCAGATGCGCTATAGTGGTGAACAAAGTCGGGCTTCGGGGCC		1	0.0015408320493066256	40	TCRBV05-03	TCRBV05	TCRBV05-03				01,02					TCRBD01,TCRBD02	TCRBD01-01,TCRBD02-01		TCRBJ02-06*01	TCRBJ02	TCRBJ02-06	01				7	24	8	0	0	22	41	50	74	-1	78	1	Out	VDJ												
ATCCAGCGCACAGAGCAGGGGGACTCGGCCATGTATCTCTGTGCCAGCAGGGGACAGGGACCGGATTCACCCCTCCACTTTGGGAAC	CASRGQGPDSPLHF	1	0.0015408320493066256	42	TCRBV07-09*01	TCRBV07	TCRBV07-09	01				TCRBD01-01*01	TCRBD01	TCRBD01-01	01				TCRBJ01-06*02	TCRBJ01	TCRBJ01-06	02				6	0	0	3	5	8	39	-1	50	59	64	1	In	VDJ												
ACATCGGCCCAAAAGAACCCGACAGCTTTCTATCTCTGTGCCAGTAGGAGTCGACAGGGGAGGGCAGATACGCAGTATTTTGGCCCA	CASRSRQGRADTQYF	1	0.0015408320493066256	45	TCRBV19-01*01	TCRBV19	TCRBV19-01	01				TCRBD01-01*01	TCRBD01	TCRBD01-01	01				TCRBJ02-03*01	TCRBJ02	TCRBJ02-03	01				6	5	2	2	4	4	36	47	52	60	64	1	In	VDJ												
AGCGCACAGAGCAAGGGCGACTCGGCTGTGTATCTCTGTGTCAGAAGCACAGCCTAGCGGGGGGTTACCGAGCAGTACTTCGGGCCG	CVRSTA*RGVTEQYF	1	0.0015408320493066256	45	TCRBV07-05*02	TCRBV07	TCRBV07-05	02				TCRBD02-01*01	TCRBD02	TCRBD02-01	01				TCRBJ02-07*01	TCRBJ02	TCRBJ02-07	01				5	5	4	1	4	6	36	48	53	64	68	1	Stop	VDJ												
ATCCAGCGCACAGAGCAGGAGGACTCCGCCGTGTATCTCTGTGCCAGCAGCCAACGGACTAGTTCCCACGAGCAGTACTTCGGGCCG	CASSQRTSSHEQYF	1	0.0015408320493066256	42	TCRBV07-08*03	TCRBV07	TCRBV07-08	03				TCRBD02-01	TCRBD02	TCRBD02-01				01,02	TCRBJ02-07*01	TCRBJ02	TCRBJ02-07	01				4	3	1	8	5	5	39	52	55	62	67	1	In	VDJ												
CTGGAGTCCGCTACCAGCTCCCAGACATCTGTGTACTTCTGTGCCATCAGTGACTCTAGCGGGGCTCGTGAGCAGTTCTTCGGGCCA	CAISDSSGAREQFF	2	0.0030816640986132513	42	TCRBV10-03*01	TCRBV10	TCRBV10-03	01				TCRBD02-01*01	TCRBD02	TCRBD02-01	01				TCRBJ02-01*01	TCRBJ02	TCRBJ02-01	01				3	2	4	3	4	9	39	53	55	64	68	2	In	VDJ												
ACCAGTGCCCATCCTGAAGACAGCAGCTTCTACATCTGCAGTGCTCCGAGGGCAGTGGGGGCCGTAGAGACCCAGTACTTCGGGCCA	CSAPRAVGAVETQYF	1	0.0015408320493066256	45	TCRBV20	TCRBV20				TCRBV20-01,TCRBV20-or09_02		TCRBD01-01*01	TCRBD01	TCRBD01-01	01				TCRBJ02-05*01	TCRBJ02	TCRBJ02-05	01				5	11	6	0	3	4	36	45	56	62	65	1	In	VDJ												
GCCAGCACCAACCAGACATCTATGTACCTCTGTGCCAGCAGTGCCCTTGGGGGGATAGGATTTCAAGAGACCCAGTACTTCGGGCCA	CASSALGGIGFQETQYF	1	0.0015408320493066256	51	TCRBV28-01*01	TCRBV28	TCRBV28-01	01				TCRBD02-01*01	TCRBD02	TCRBD02-01	01				TCRBJ02-05*01	TCRBJ02	TCRBJ02-05	01				5	6	9	1	9	2	30	42	48	54	63	1	In	VDJ												
ACCAGTGCCCATCCTGAAGACAGCAGCTTCTACATCTGCAGTGCTACAATCGAACACAGGGTCGTCACTGAAGCTTTCTTTGGACAA	CSATIEHRVVTEAFF	1	0.0015408320493066256	45	TCRBV20	TCRBV20				TCRBV20-01,TCRBV20-or09_02		TCRBD01-01*01	TCRBD01	TCRBD01-01	01				TCRBJ01-01*01	TCRBJ01	TCRBJ01-01	01				4	9	3	3	4	4	36	46	55	61	65	1	In	VDJ												
CAGCGCACAGAGCAGGAGGACTCGGCCGTGTATCTCTGTGCCAGCAGCTTTTACAGGGGTAGCACAGATACGCAGTATTTTGGCCCA	CASSFYRGSTDTQYF	1	0.0015408320493066256	45	TCRBV07-02	TCRBV07	TCRBV07-02				01,02	TCRBD01-01*01	TCRBD01	TCRBD01-01	01				TCRBJ02-03*01	TCRBJ02	TCRBJ02-03	01				3	2	3	2	1	0	36	50	52	59	60	1	In	VDJ												
AAGATCCAGCGCACAGAGCAGGGGGACTCGGCCATGTATCTCTGTGCCAGCAGCTCACAGGGCTTGAAGACCCAGTACTTCGGGCCA	CASSSQGLKTQYF	1	0.0015408320493066256	39	TCRBV07-09*01	TCRBV07	TCRBV07-09	01				TCRBD01-01*01	TCRBD01	TCRBD01-01	01				TCRBJ02-05*01	TCRBJ02	TCRBJ02-05	01				4	1	3	3	5	6	42	55	56	62	67	1	In	VDJ												
ACCAGTGCCCATCCTGAAGACAGCAGCTTCTACATCTGCAGTGCTAGAGTCGAGGACAGGGAAAATCAGCCCCAGCATTTTGGTGAT	CSARVEDRENQPQHF	1	0.0015408320493066256	45	TCRBV20	TCRBV20				TCRBV20-01,TCRBV20-or09_02		TCRBD01-01*01	TCRBD01	TCRBD01-01	01				TCRBJ01-05*01	TCRBJ01	TCRBJ01-05	01				1	4	1	3	2	4	36	49	53	61	63	1	In	VDJ												
GCGTCTGCTGTACCCTCTCAGACATCTGTGTACTTCTGTGCCAGCAGTGACTCGACTAGCGGGGCAGATACGCAGTATTTTGGCCCA	CASSDSTSGADTQYF	1	0.0015408320493066256	45	TCRBV06-04*01	TCRBV06	TCRBV06-04	01				TCRBD02-01*01	TCRBD02	TCRBD02-01	01				TCRBJ02-03*01	TCRBJ02	TCRBJ02-03	01				0	0	2	3	0	4	36	-1	53	-1	64	1	In	VDJ												
GTGCAGCCTGCAGAACTGGAGGATTCTGGAGTTTATTTCTGTGCCAGCAGCCCCCCTGGGATGAACACTGAAGCTTTCTTTGGACAA	CASSPPGMNTEAFF	1	0.0015408320493066256	42	TCRBV14-01*01	TCRBV14	TCRBV14-01	01								TCRBD01,TCRBD02	TCRBD01-01,TCRBD02-01		TCRBJ01-01*01	TCRBJ01	TCRBJ01-01	01				4	5	0	8	0	0	39	52	57	-1	61	1	In	VDJ												
AAGATCCAGCGCACAGAGCAGGGGGACTCGGCCATGTATCTCTGTGCCAGCGCAGAATTCATGAACACTGAAGCTTTCTTTGGACAA	CASAEFMNTEAFF	1	0.0015408320493066256	39	TCRBV07-09	TCRBV07	TCRBV07-09				01,05,06	TCRBD01-01*01	TCRBD01	TCRBD01-01	01				TCRBJ01-01*01	TCRBJ01	TCRBJ01-01	01				8	1	4	5	6	0	42	51	52	55	61	1	In	VDJ												
ACGTTGGCGTCTGCTGTACCCTCTCAGACATCTGTGTACTTCTGTGCCAGCAGTGACGGTAACACCGGGGAGCTGTTTTTTGGAGAA	CASSDGNTGELFF	1	0.0015408320493066256	39	TCRBV06-04*01	TCRBV06	TCRBV06-04	01								TCRBD01,TCRBD02	TCRBD01-01,TCRBD02-01		TCRBJ02-02*01	TCRBJ02	TCRBJ02-02	01				2	0	0	10	1	2	42	-1	57	59	60	1	In	VDJ												
CCCAGGGACTCAGCTGTGTATTTTTGTGCTAGTGGTTTGTCAGACTATCTGGGGGATTGGTTAAATGAAAAACTGTTTTTTGGCAGT	CASGLSDYLGDWLNEKLFF	1	0.0015408320493066256	57	TCRBV12-05*01	TCRBV12	TCRBV12-05	01								TCRBD01,TCRBD02	TCRBD01-01,TCRBD02-01		TCRBJ01-04*01	TCRBJ01	TCRBJ01-04	01				2	11	6	1	8	5	24	39	50	55	63	1	In	VDJ												
CTGCTCCCTCCCAGACATCTGTGTACTTCTGTGCCAGCAGTTACCCCCCGGACAGGCAAGAACACCGGGGAGCTGTTTTTTGGAGAA		3	0.004622496147919877	52	TCRBV06	TCRBV06				TCRBV06-05,TCRBV06-06		TCRBD01-01*01	TCRBD01	TCRBD01-01	01				TCRBJ02-02*01	TCRBJ02	TCRBJ02-02	01				2	5	1	4	3	1	29	44	49	56	59	3	Out	VDJ												
ACAGAGCAGGGGGACTCGGCCATGTATCTCTGTGCCAGCAGCTCACCTATTTGGCGGGGGGGGACCTACGAGCAGTACTTCGGGCCG	CASSSPIWRGGTYEQYF	1	0.0015408320493066256	51	TCRBV07-09*01	TCRBV07	TCRBV07-09	01				TCRBD02-01*01	TCRBD02	TCRBD02-01	01				TCRBJ02-07*01	TCRBJ02	TCRBJ02-07	01				4	10	7	0	2	2	30	43	53	62	64	1	In	VDJ												
ACTCTGAAGATCCAGCGCACAGAGCAGGAGGACTCGGCCGTGTATCTCTGTGCCAGCAGCGAATACAATGAGCAGTTCTTCGGGCCA	CASSEYNEQFF	1	0.0015408320493066256	33	TCRBV07	TCRBV07				TCRBV07-02,TCRBV07-08						TCRBD01,TCRBD02	TCRBD01-01,TCRBD02-01		TCRBJ02-01*01	TCRBJ02	TCRBJ02-01	01				5	0	2	8	1	4	48	-1	60	62	63	1	In	VDJ												
GGTGTGTCGGCTGCTCCCTCCCAGACATCTGTGTACTTCTGTGCCAGCAGTGAAGGGTCCGAGGACACTGAAGCTTTCTTTGGACAA	CASSEGSEDTEAFF	4	0.0061633281972265025	42	TCRBV06-01*01	TCRBV06	TCRBV06-01	01				TCRBD02-01*02	TCRBD02	TCRBD02-01	02				TCRBJ01-01*01	TCRBJ01	TCRBJ01-01	01				1	5	11	1	0	3	39	55	60	-1	64	4	In	VDJ												
ATCCAGCGCACAGAGCAGGGGGACTCGGCCATGTATCTCTGTGCCAGCAGCTTAGCGGGGGGGGCCTGGGGCCAGTACTTCGGGCCA	CASSLAGGAWGQYF	1	0.0015408320493066256	42	TCRBV07-09*01	TCRBV07	TCRBV07-09	01				TCRBD02-01*01	TCRBD02	TCRBD02-01	01				TCRBJ02-05*01	TCRBJ02	TCRBJ02-05	01				0	0	9	0	8	10	39	-1	56	63	71	1	In	VDJ												
TGGAGCTTGGTGACTCTGCTGTGTATTTCTGTGCCAGCCCACCAGTATTAAAGGACAGGAGATGATCAGCCCCAGCATTTTGGTGAT		1	0.0015408320493066256	52	TCRBV03-01/03-02*01	TCRBV03	TCRBV03-01/03-02	01				TCRBD01-01*01	TCRBD01	TCRBD01-01	01				TCRBJ01-05*01	TCRBJ01	TCRBJ01-05	01				8	14	1	4	5	5	29	38	52	59	64	1	Out	VDJ												
CCTGCAGAACTGGAGGATTCTGGAGTTTATTTCTGTGCCAGCAGCCAAGGTGTAAGTTTGAGCACAGATACGCAGTATTTTGGCCCA	CASSQGVSLSTDTQYF	1	0.0015408320493066256	48	TCRBV14-01*01	TCRBV14	TCRBV14-01	01								TCRBD01,TCRBD02	TCRBD01-01,TCRBD02-01		TCRBJ02-03*01	TCRBJ02	TCRBJ02-03	01				1	5	5	5	4	0	33	49	54	56	60	1	In	VDJ												
ATCCAGCGCACAGAGCAGGAGGACTCGGCCGTGTATCTCTGTGCCAGCAGCTTCCGGGTCGGCTCCTACGAGCAGTACTTCGGGCCG	CASSFRVGSYEQYF	1	0.0015408320493066256	42	TCRBV07-02	TCRBV07	TCRBV07-02				01,02	TCRBD02-01	TCRBD02	TCRBD02-01				01,02	TCRBJ02-07*01	TCRBJ02	TCRBJ02-07	01				3	1	8	4	4	0	39	53	54	58	62	1	In	VDJ												
GTGTCGGCTGCTCCCTCCCAGACATCTGTGTACTTCTGTGCCAGCAGTTACCAAGGACAGGGGCAAGAGACCCAGTACTTCGGGCCA	CASSYQGQGQETQYF	3	0.004622496147919877	45	TCRBV06-05*01	TCRBV06	TCRBV06-05	01				TCRBD01-01*01	TCRBD01	TCRBD01-01	01				TCRBJ02-05*01	TCRBJ02	TCRBJ02-05	01				2	3	1	2	0	2	36	51	54	-1	63	3	In	VDJ												
CTGCAGCCAGAAGACTCGGCCCTGTATCTCTGCGCCAGCAGCCAAGATCCTACGGGAGGGGGGGAAGATACGCAGTATTTTGGCCCA	CASSQDPTGGGEDTQYF	1	0.0015408320493066256	51	TCRBV04-03*01	TCRBV04	TCRBV04-03	01				TCRBD02-01*02	TCRBD02	TCRBD02-01	02				TCRBJ02-03*01	TCRBJ02	TCRBJ02-03	01				0	5	8	0	5	5	30	47	52	60	65	1	In	VDJ												
AGTGCCCATCCTGAAGACAGCAGCTTCTACATCTGCAGTGCTACCAGGGGATTTGACAGGGGGAGGGGGGGCTACACCTTCGGTTCG	CSATRGFDRGRGGYTF	1	0.0015408320493066256	48	TCRBV20	TCRBV20				TCRBV20-01,TCRBV20-or09_02		TCRBD01-01*01	TCRBD01	TCRBD01-01	01				TCRBJ01-02*01	TCRBJ01	TCRBJ01-02	01				4	11	2	1	6	8	33	43	54	63	69	1	In	VDJ												
GGTGTGTCGGCTGCTCCCTCCCAAACATCTGTGTACTTCTGTGCCAGCAGCTACAGGGGGTGGCAAGAGACCCAGTACTTCGGGCCA	CASSYRGWQETQYF	1	0.0015408320493066256	42	TCRBV06	TCRBV06				TCRBV06-02/06-03,TCRBV06-02		TCRBD01-01*01	TCRBD01	TCRBD01-01	01				TCRBJ02-05*01	TCRBJ02	TCRBJ02-05	01				2	0	5	1	3	2	39	-1	54	60	63	1	In	VDJ												
CTGACAGTGACCAGTGCCCATCCTGAAGACAGCAGCTTCTACATCTGCAGTGCTAGAGATCTCTACCAGCCCCAGCATTTTGGTGAT	CSARDLYQPQHF	1	0.0015408320493066256	36	TCRBV20	TCRBV20				TCRBV20-01,TCRBV20-or09_02		TCRBD02-01	TCRBD02	TCRBD02-01				01,02	TCRBJ01-05*01	TCRBJ01	TCRBJ01-05	01				0	3	4	9	1	7	45	59	62	65	66	1	In	VDJ												
CCTCCTCACTCTGGAGTCCGCTACCAGCTCCCAGACATCTGTGTACTTCTGTGCCATCGGGGGGGGGAGACCCAGTACTTCGGGCCA		1	0.0015408320493066256	32	TCRBV10-03*01	TCRBV10	TCRBV10-03	01				TCRBD02-01*01	TCRBD02	TCRBD02-01	01				TCRBJ02-05*01	TCRBJ02	TCRBJ02-05	01				8	0	9	0	1	5	49	-1	58	65	66	1	Out	VDJ												
CGCACAGAGCAGCGGGACTCAGCCATGTATCGCTGTGCCAGCAGCCCATTTTCGTCCGCGCGTGGGGGTGAGCAGTTCTTCGGGCCA	CASSPFSSARGGEQFF	1	0.0015408320493066256	48	TCRBV07-07*01	TCRBV07	TCRBV07-07	01								TCRBD01,TCRBD02	TCRBD01-01,TCRBD02-01		TCRBJ02-01*01	TCRBJ02	TCRBJ02-01	01				5	18	6	1	0	9	33	45	63	-1	68	1	In	VDJ												
ACTCTGACAGTGACCAGTGCCCATCCTGAAGACAGCAGCTTCTACATCTGCAGTGCTAGAGGTCCAAATACGCAGTATTTTGGCCCA	CSARGPNTQYF	1	0.0015408320493066256	33	TCRBV20-01*01	TCRBV20	TCRBV20-01	01				TCRBD01-01*01	TCRBD01	TCRBD01-01	01				TCRBJ02-03*01	TCRBJ02	TCRBJ02-03	01				1	3	4	6	1	7	48	61	64	66	67	1	In	VDJ												
ATCCAGCCTGCAGAGCTTGAGGACTCGGCCGTGTATCTCTGTGCCAGCAGTCTCGGGACAGAACTGTACGAGCAGTACTTCGGGCCG	CASSLGTELYEQYF	1	0.0015408320493066256	42	TCRBV11	TCRBV11				TCRBV11-02,TCRBV11-03		TCRBD01-01*01	TCRBD01	TCRBD01-01	01				TCRBJ02-07*01	TCRBJ02	TCRBJ02-07	01				6	4	0	5	5	4	39	50	54	61	66	1	In	VDJ												
GCTAGGGGACTCAGCCCTGTATCTCTGTGCCAGCAATTGGCAATGAGAGTACACAAACGTCGGGCCAACGTCCTGACTTTCGGGGCC		1	0.0015408320493066256	56	TCRBV05-02*01	TCRBV05	TCRBV05-02	01								TCRBD01,TCRBD02	TCRBD01-01,TCRBD02-01		TCRBJ02-06*01	TCRBJ02	TCRBJ02-06	01				5	14	3	6	8	5	25	36	50	53	61	1	Out	VDJ												
TCCCTGGAGCTTGGTGACTCTGCTGTGTATTTCTGTGTCAGCAGTGAAAAGGGGGTCAATGGGGATTCACCCCTCCACTTTGGGAAC	CVSSEKGVNGDSPLHF	1	0.0015408320493066256	48	TCRBV03-01/03-02*01	TCRBV03	TCRBV03-01/03-02	01				TCRBD01-01*01	TCRBD01	TCRBD01-01	01				TCRBJ01-06*02	TCRBJ01	TCRBJ01-06	02				6	5	5	1	9	8	33	44	49	55	64	1	In	VDJ												
AAGCCACGTTTGGTGCACTCTGACGATTCAGCGCACAGAGCAGGGGGACTCGGCCATGTATCTCTGTGCCAATCTTACTTCGGGCCA		1	0.0015408320493066256	17	TCRBV07	TCRBV07				TCRBV07-06,TCRBV07-07		TCRBD02-01	TCRBD02	TCRBD02-01				01,02	TCRBJ02-05*01	TCRBJ02	TCRBJ02-05	01				10	2	4	10	0	14	64	71	73	-1	75	1	Out	VDJ												
GTTTGGTGTGTCGGCTGCTCCCTCCCAAACATCTGTGTACTTCTGTGCCAGCAGTTACCAGGGCTTGAAAAACTGTTTTTTGGCAGT		1	0.0015408320493066256	38	TCRBV06-02/06-03*01	TCRBV06	TCRBV06-02/06-03	01				TCRBD01-01*01	TCRBD01	TCRBD01-01	01				TCRBJ01-04*01	TCRBJ01	TCRBJ01-04	01				2	0	4	3	2	7	43	-1	58	63	65	1	Out	VDJ												
TGTGAACGCCTTGTTGCTGGGGGACTCGGCCCTGTATCTCTGTGCCAGCAGCTTGGTTATAGGGACTATGGCTACACCTTCGGTTCG		2	0.0030816640986132513	41	TCRBV05-05*01	TCRBV05	TCRBV05-05	01								TCRBD01,TCRBD02	TCRBD01-01,TCRBD02-01		TCRBJ01-02*01	TCRBJ01	TCRBJ01-02	01				0	4	5	3	0	3	40	56	60	-1	64	2	Out	VDJ												
CTGACAGTGACCAGTGCCCATCCTGAAGACAGCAGCTTCTACATCTGCAGTGCTAGACAGGGGGACTATGGCTACACCTTCGGTTCG	CSARQGDYGYTF	3	0.004622496147919877	36	TCRBV20	TCRBV20				TCRBV20-01,TCRBV20-or09_02		TCRBD01-01*01	TCRBD01	TCRBD01-01	01				TCRBJ01-02*01	TCRBJ01	TCRBJ01-02	01				2	0	4	1	0	3	45	-1	57	-1	64	3	In	VDJ												
CTGAAGATCCAGCGCACAGAGCAGGAGGACTCGGCCGTGTATCTCTGTGCCAGCAGCCTGACCAGGGGCGAGCAGTACTTCGGGCCG	CASSLTRGEQYF	2	0.0030816640986132513	36	TCRBV07-08*03	TCRBV07	TCRBV07-08	03				TCRBD01-01*01	TCRBD01	TCRBD01-01	01				TCRBJ02-07*01	TCRBJ02	TCRBJ02-07	01				4	4	4	2	0	6	45	58	62	-1	68	2	In	VDJ												
TCCAGCGCACAGAGCAGGGGGACTCAGCTGTGTATCTCTGTGCCAGCAGCTTGCACGGAGCCATCCTATGGCTACACCTTCGGTTCG		2	0.0030816640986132513	43	TCRBV07-04	TCRBV07	TCRBV07-04				01,02	TCRBD02-01*02	TCRBD02	TCRBD02-01	02				TCRBJ01-02*01	TCRBJ01	TCRBJ01-02	01				3	4	10	2	5	4	38	52	56	60	65	2	Out	VDJ												
CTGGGGGACTCGGCCCTTTATCTTTGCGCCAGCAGCTTGCCCCCGCGACTAGCGGGCCGCAACTCCTACGAGCAGTACTTCGGGCCG	CASSLPPRLAGRNSYEQYF	2	0.0030816640986132513	57	TCRBV05-01*01	TCRBV05	TCRBV05-01	01				TCRBD02-01	TCRBD02	TCRBD02-01				01,02	TCRBJ02-07*01	TCRBJ02	TCRBJ02-07	01				1	7	2	4	6	0	24	39	46	56	62	2	In	VDJ												
AATGTGAACGCCTTGTTGCTGGGGGACTCGGCCCTCTATCTCTGTGCCAGCAGGGGACTGGGGAACGGTGAGCAGTTCTTCGGGCCA	CASRGLGNGEQFF	1	0.0015408320493066256	39	TCRBV05-06*01	TCRBV05	TCRBV05-06	01				TCRBD02-01	TCRBD02	TCRBD02-01				01,02	TCRBJ02-01*01	TCRBJ02	TCRBJ02-01	01				5	0	0	10	9	9	42	-1	53	59	68	1	In	VDJ												
TTTGGTGTGTCGGCTGCTCCCTCCCAGACATCTGTGTACTTCTGTGCCAGCAGCGGGGACAGCCCCTACGAGCAGTACTTCGGGCCG	CASSGDSPYEQYF	2	0.0030816640986132513	39	TCRBV06-05*01	TCRBV06	TCRBV06-05	01				TCRBD01-01*01	TCRBD01	TCRBD01-01	01				TCRBJ02-07*01	TCRBJ02	TCRBJ02-07	01				6	2	0	5	2	2	42	53	55	62	64	2	In	VDJ												
TCCCTGATTCTGGAGTCCGCCAGCACCAACCAGACATCTATGTACCTCTGTGCCAGCAGTTTACGGGACGAGCAGTACTTCGGGCCG	CASSLRDEQYF	2	0.0030816640986132513	33	TCRBV28-01*01	TCRBV28	TCRBV28-01	01				TCRBD02-01	TCRBD02	TCRBD02-01				01,02	TCRBJ02-07*01	TCRBJ02	TCRBJ02-07	01				2	0	8	4	0	5	48	-1	63	-1	67	2	In	VDJ												
CTTCACATCAATTCCCTGGAGCTTGGTGACTCTGCTGTGTATTTCTGTGCCAGCAGCCAAGAGGCGAATGAGCAGTTCTTCGGGCCA	CASSQEANEQFF	2	0.0030816640986132513	36	TCRBV03-01/03-02*01	TCRBV03	TCRBV03-01/03-02	01								TCRBD01,TCRBD02	TCRBD01-01,TCRBD02-01		TCRBJ02-01*01	TCRBJ02	TCRBJ02-01	01				0	0	9	0	1	7	45	-1	62	65	66	2	In	VDJ												
TTGTTGCTGGGGGACTCGGCCCTGTATCTCTGTGCCAGCAGCCTTTCTATTAACAGGGGCGGAAACTATGGCTACACCTTCGGTTCG	CASSLSINRGGNYGYTF	1	0.0015408320493066256	51	TCRBV05-05*01	TCRBV05	TCRBV05-05	01				TCRBD01-01*01	TCRBD01	TCRBD01-01	01				TCRBJ01-02*01	TCRBJ01	TCRBJ01-02	01				4	10	3	2	4	2	30	42	52	59	63	1	In	VDJ												
TGCAGCCTGCAGAACTGGAGGATTCTGGAGTTTATTTCTGTGCCAGCAGCCAAGATAACGGGGGACCACGAGCAGTACTTCGGGCCG		4	0.0061633281972265025	43	TCRBV14-01*01	TCRBV14	TCRBV14-01	01				TCRBD02-01*01	TCRBD02	TCRBD02-01	01				TCRBJ02-07*01	TCRBJ02	TCRBJ02-07	01				0	3	8	2	3	5	38	55	58	64	67	4	Out	VDJ												
ATCTTCACATCAATTCCCTGGAGCTTGGTGACTCTGCTGTGTATTTCTGTGCCAGTGCAAAGAAAAAACATTCAGTACTTCGGCGCC		1	0.0015408320493066256	34	TCRBV03-01/03-02*01	TCRBV03	TCRBV03-01/03-02	01								TCRBD01,TCRBD02	TCRBD01-01,TCRBD02-01		TCRBJ02-04*01	TCRBJ02	TCRBJ02-04	01				9	6	2	8	0	4	47	55	61	-1	63	1	Out	VDJ												
GTGACATCGGCCCAAAAGAACCCGACAGCTTTCTATCTCTGTGCCAGTAAAGGGCCAGATTTAAGTCAGCCCCAGCATTTTGGTGAT	CASKGPDLSQPQHF	1	0.0015408320493066256	42	TCRBV19-01*01	TCRBV19	TCRBV19-01	01								TCRBD01,TCRBD02	TCRBD01-01,TCRBD02-01		TCRBJ01-05*01	TCRBJ01	TCRBJ01-05	01				7	1	5	3	11	6	39	49	50	54	65	1	In	VDJ												
AACGCCTTGGAGCTGGAGGACTCGGCCCTGTATCTCTGTGCCAGCAGCTTCGGGACGGACAGGAACTATGGCTACACCTTCGGTTCG	CASSFGTDRNYGYTF	1	0.0015408320493066256	45	TCRBV05-08*01	TCRBV05	TCRBV05-08	01				TCRBD01-01*01	TCRBD01	TCRBD01-01	01				TCRBJ01-02*01	TCRBJ01	TCRBJ01-02	01				2	6	1	4	0	2	36	50	56	-1	63	1	In	VDJ												
AACGCCTTGGAGCTGGACGACTCGGCCCTGTATCTCTGTGCCAGCAGCCGAGGACTAGCGGGCCCCGATACGCAGTATTTTGGCCCA	CASSRGLAGPDTQYF	1	0.0015408320493066256	45	TCRBV05-04*01	TCRBV05	TCRBV05-04	01				TCRBD02-01	TCRBD02	TCRBD02-01				01,02	TCRBJ02-03*01	TCRBJ02	TCRBJ02-03	01				4	3	1	4	4	6	36	48	51	62	66	1	In	VDJ												
GCCAGCACCAACCAGACATCTATGTACCTCTGTGCCAGCAGTTTACCGAGGGTCCACGCGAGGAATCAGCCCCAGCATTTTGGTGAT	CASSLPRVHARNQPQHF	1	0.0015408320493066256	51	TCRBV28-01*01	TCRBV28	TCRBV28-01	01				TCRBD02-01*02	TCRBD02	TCRBD02-01	02				TCRBJ01-05*01	TCRBJ01	TCRBJ01-05	01				2	2	11	0	11	4	30	45	47	52	63	1	In	VDJ												
CTGAGCTCTCTGGAGCTGGGGGACTCAGCTTTGTATTTCTGTGCCAGCAGCTTTACTAGCGGGAGCTACGAGCAGTACTTCGGGCCG	CASSFTSGSYEQYF	4	0.0061633281972265025	42	TCRBV09-01*01	TCRBV09	TCRBV09-01	01				TCRBD02-01*02	TCRBD02	TCRBD02-01	02				TCRBJ02-07*01	TCRBJ02	TCRBJ02-07	01				4	3	3	2	0	3	39	51	54	-1	65	4	In	VDJ												
CGGTCCACAAAGCTGGAGGACTCAGCCATGTACTTCTGTGCCAGCAGTGCTGAGAACCCCCGGGGCCAGCCCCAGCATTTTGGTGAT	CASSAENPRGQPQHF	1	0.0015408320493066256	45	TCRBV02-01	TCRBV02	TCRBV02-01				01,03					TCRBD01,TCRBD02	TCRBD01-01,TCRBD02-01		TCRBJ01-05*01	TCRBJ01	TCRBJ01-05	01				4	12	7	0	0	7	36	49	61	-1	66	1	In	VDJ												
ACCAGTGCCCATCCTGAAGACAGCAGCTTCTACATCTGCAGTGCTAGTTTGGTAGCGGGAGCCCTCTACGAGCAGTACTTCGGGCCG	CSASLVAGALYEQYF	1	0.0015408320493066256	45	TCRBV20-01*04	TCRBV20	TCRBV20-01	04				TCRBD02-01*02	TCRBD02	TCRBD02-01	02				TCRBJ02-07*01	TCRBJ02	TCRBJ02-07	01				2	4	5	2	4	3	36	48	52	61	65	1	In	VDJ												
GCTGCTCCCTCCCAGACATCTGTGTACTTCTGTGCCAGCAGTGAAGCACTAGCGGGCCGTAGCACAGATACGCAGTATTTTGGCCCA	CASSEALAGRSTDTQYF	2	0.0030816640986132513	51	TCRBV06-01*01	TCRBV06	TCRBV06-01	01				TCRBD02-01	TCRBD02	TCRBD02-01				01,02	TCRBJ02-03*01	TCRBJ02	TCRBJ02-03	01				0	0	3	4	4	0	30	-1	47	56	60	2	In	VDJ												
GTGTCGGCTGCTCCCTCCCAGACATCTGTGTACTTCTGTGCCAGCAGTGTTCGTATCAGCGGGGTTACTGAAGCTTTCTTTGGACAA	CASSVRISGVTEAFF	2	0.0030816640986132513	45	TCRBV06	TCRBV06				TCRBV06-01,TCRBV06-05		TCRBD02-01*01	TCRBD02	TCRBD02-01	01				TCRBJ01-01*01	TCRBJ01	TCRBJ01-01	01				4	8	6	3	2	5	36	49	57	64	66	2	In	VDJ												
CGGCTGCTCCCTCCCAGACATCTGTGTACTTCTGTGCCGGAAGCCCCGACCTGGGGAGTTGACACCGGGGAGCTGTTTTTTGGAGAA		1	0.0015408320493066256	49	TCRBV06	TCRBV06				TCRBV06-01,TCRBV06-05		TCRBD02-01*02	TCRBD02	TCRBD02-01	02				TCRBJ02-02*01	TCRBJ02	TCRBJ02-02	01				11	15	9	2	3	3	32	38	53	58	61	1	Out	VDJ												
GTCGCCCAGCCCCAACCAGACCTCTCTGTACTTCTGTGCCAGCAGTTCGTGGACGGGAACTAACGGAGTGAAGCTTTCTTTGGACAA		3	0.004622496147919877	47	TCRBV27-01*01	TCRBV27	TCRBV27-01	01				TCRBD02-01*02	TCRBD02	TCRBD02-01	02				TCRBJ01-01*01	TCRBJ01	TCRBJ01-01	01				4	6	8	3	10	7	34	47	53	58	68	3	Out	VDJ												
ATCCAGTCCACGGAGTCAGGGGACACAGCACTGTATTTCTGTGCCAGCAGCAAAGCGGTAAGGTACTACGAGCAGTACTTCGGGCCG	CASSKAVRYYEQYF	1	0.0015408320493066256	42	TCRBV21-01*01	TCRBV21	TCRBV21-01	01								TCRBD01,TCRBD02	TCRBD01-01,TCRBD02-01		TCRBJ02-07*01	TCRBJ02	TCRBJ02-07	01				0	4	5	4	2	3	39	56	60	63	65	1	In	VDJ												
CAGCCTGCAGAGCTTGAGGACTCGGCCGTGTATCTCTGTGCCAGCAGCTTAGCAGGCTCGGGCGCGGGCGAGCAGTACTTCGGGCCG	CASSLAGSGAGEQYF	1	0.0015408320493066256	45	TCRBV11	TCRBV11				TCRBV11-02,TCRBV11-03		TCRBD02-01	TCRBD02	TCRBD02-01				01,02	TCRBJ02-07*01	TCRBJ02	TCRBJ02-07	01				1	11	7	4	0	6	36	52	63	-1	68	1	In	VDJ												
ATCCTGAAGACAGCAGCTTCTACATCTGCAGTGCTAGAGATTCCGACAGTTTACGTATCCTATAATTCACCCCTCCACTTTGGGAAT		1	0.0015408320493066256	55	TCRBV20	TCRBV20				TCRBV20-01,TCRBV20-or09_02		TCRBD01-01*01	TCRBD01	TCRBD01-01	01				TCRBJ01-06*01	TCRBJ01	TCRBJ01-06	01				0	4	2	5	8	1	26	40	44	49	57	1	Out	VDJ												
TCGCCCAGCCCCAACCAGACCTCTCTGTACTTCTGTGCCAGTAGAGGGCAGGGGGCGATCGGTAATGAAAAACTGTTTTTTGGCAGT	CASRGQGAIGNEKLFF	1	0.0015408320493066256	48	TCRBV27-01*01	TCRBV27	TCRBV27-01	01				TCRBD01-01*01	TCRBD01	TCRBD01-01	01				TCRBJ01-04*01	TCRBJ01	TCRBJ01-04	01				9	7	4	0	6	4	33	41	48	56	62	1	In	VDJ												
AGTGCCCATCCTGAAGACAGCAGCTTCTACATCTGCAGTGCTAGAGAAGGCGGGAGGGCCCGGTCAAGGGAGCTGTTTTTTGGAGAA	CSAREGGRARSRELFF	1	0.0015408320493066256	48	TCRBV20	TCRBV20				TCRBV20-01,TCRBV20-or09_02		TCRBD02-01*02	TCRBD02	TCRBD02-01	02				TCRBJ02-02*01	TCRBJ02	TCRBJ02-02	01				0	2	7	0	9	9	33	47	49	58	67	1	In	VDJ												
CACACCCTGCAGCCAGAAGACTCGGCCCTGTATCTCTGCGCCAGCAGCCTTCATAGCGGGCTCACCTACGAGCAGTACTTCGGGCCG	CASSLHSGLTYEQYF	1	0.0015408320493066256	45	TCRBV04-03*01	TCRBV04	TCRBV04-03	01				TCRBD02-01	TCRBD02	TCRBD02-01				01,02	TCRBJ02-07*01	TCRBJ02	TCRBJ02-07	01				4	4	5	4	4	2	36	49	53	60	64	1	In	VDJ												
AACATGAGCTCCTTGGAGCTGGGGGACTCAGCCCTGTACTTCTGTGCCAGCAGCTTAGCGGCGGTTTATGAAGCTTTCTTTGGACAA	CASSLAAVYEAFF	1	0.0015408320493066256	39	TCRBV13-01*01	TCRBV13	TCRBV13-01	01				TCRBD02-01	TCRBD02	TCRBD02-01				01,02	TCRBJ01-01*01	TCRBJ01	TCRBJ01-01	01				1	2	7	5	4	7	42	58	60	64	68	1	In	VDJ												
AGTGCCCATCCTGAAGACAGCAGCTTCTACATCTGCAGTGCTAGAGATCCCACTCGTATCGCGGACTATGGCTACACCTTCGGTTCG	CSARDPTRIADYGYTF	1	0.0015408320493066256	48	TCRBV20	TCRBV20				TCRBV20-01,TCRBV20-or09_02		TCRBD02-01	TCRBD02	TCRBD02-01				01,02	TCRBJ01-02*01	TCRBJ01	TCRBJ01-02	01				0	13	7	5	0	3	33	47	60	-1	64	1	In	VDJ												
GACAGTGACCAGTGCCCATCCTGAAGACAGCAGCTTCTACATCTGCAGTGCTAGTCGTAGCGGGAGAAGGGCGCGTTCTTCGGGCCA		1	0.0015408320493066256	38	TCRBV20-01*04	TCRBV20	TCRBV20-01	04				TCRBD02-01*02	TCRBD02	TCRBD02-01	02				TCRBJ02-01*01	TCRBJ02	TCRBJ02-01	01				2	2	5	2	8	15	43	55	57	66	74	1	Out	VDJ												
ATCCTGGAGTCGCCCAGCCCCAACCAGACCTCTCTGTACTTCTGTGCCAGCAGTTCAGAGCCTTACAATGAGCAGTTCTTCGGGCCA	CASSSEPYNEQFF	1	0.0015408320493066256	39	TCRBV27-01*01	TCRBV27	TCRBV27-01	01								TCRBD01,TCRBD02	TCRBD01-01,TCRBD02-01		TCRBJ02-01*01	TCRBJ02	TCRBJ02-01	01				4	0	4	5	5	4	42	-1	55	58	63	1	In	VDJ												
ACTCTGGAGTCCGCTACCCGCTCCCAGACATCTGTGTATTTCTGCGCCAGCAGTGACAGGGGTGGAAACACCATATATTTTGGAGAG	CASSDRGGNTIYF	1	0.0015408320493066256	39	TCRBV10-02*01	TCRBV10	TCRBV10-02	01				TCRBD01-01*01	TCRBD01	TCRBD01-01	01				TCRBJ01-03*01	TCRBJ01	TCRBJ01-03	01				3	0	4	2	0	3	42	-1	56	-1	62	1	In	VDJ												
ATCCAGCCCTCAGAACCCAGGGACTCAGCTGTGTACTTCTGTGCCAGCAGTTTCAAGCAAGGTGCCAATGAGCAGTTCTTCGGGCCA	CASSFKQGANEQFF	1	0.0015408320493066256	42	TCRBV12	TCRBV12				TCRBV12-03/12-04,TCRBV12-04						TCRBD01,TCRBD02	TCRBD01-01,TCRBD02-01		TCRBJ02-01*01	TCRBJ02	TCRBJ02-01	01				3	6	5	4	3	6	39	53	59	62	65	1	In	VDJ												
GTGTCGGCTGCTCCCTCCCAAACATCTGTGTACTTCTGTGCCAGCAGTTACTCGTGGGAGCCGGGCGGCGAGCAGTACTTCGGGCCG	CASSYSWEPGGEQYF	1	0.0015408320493066256	45	TCRBV06-02/06-03*01	TCRBV06	TCRBV06-02/06-03	01				TCRBD02-01*02	TCRBD02	TCRBD02-01	02				TCRBJ02-07*01	TCRBJ02	TCRBJ02-07	01				0	2	9	2	8	6	36	53	55	60	68	1	In	VDJ												
ATCCTGGAGTCGCCCAGCCCCAACCAGACCTCTCTGTACTTCTGTGCCAGCAATACTGCCTCGGACCAGGGAGCTTTCTTTGGACAA	CASNTASDQGAFF	1	0.0015408320493066256	39	TCRBV27-01*01	TCRBV27	TCRBV27-01	01				TCRBD01-01*01	TCRBD01	TCRBD01-01	01				TCRBJ01-01*01	TCRBJ01	TCRBJ01-01	01				7	14	4	3	0	10	42	52	66	-1	71	1	In	VDJ												
AAGAAGCTCCTTCTCAGTGACTCTGGCTTCTATCTCTGTGCCTGCGACAGGGGTGGGATCTCTGGAAACACCATATATTTTGGAGAG	CACDRGGISGNTIYF	1	0.0015408320493066256	45	TCRBV30-01	TCRBV30	TCRBV30-01				01,05	TCRBD01-01*01	TCRBD01	TCRBD01-01	01				TCRBJ01-03*01	TCRBJ01	TCRBJ01-03	01				6	1	2	2	6	0	36	44	45	53	59	1	In	VDJ												
GTGTCGGCTGCTCCCTCCCAAACATCTGTGTACTTCTGTGCCAGCAGTTACTCTGGCGGGAGCTACAATGAGCAGTTCTTCGGGCCA	CASSYSGGSYNEQFF	1	0.0015408320493066256	45	TCRBV06-02/06-03*01	TCRBV06	TCRBV06-02/06-03	01				TCRBD02-01*02	TCRBD02	TCRBD02-01	02				TCRBJ02-01*01	TCRBJ02	TCRBJ02-01	01				0	2	7	2	0	3	36	53	55	-1	62	1	In	VDJ												
CAAAAGAACCCGACAGCTTTCTATCTCTGTGCCAGTAGTATAGATCAGGGTAGCAGCCAGATAAACACTGAAGCTTTCTTTGGACAA	CASSIDQGSSQINTEAFF	1	0.0015408320493066256	54	TCRBV19-01*01	TCRBV19	TCRBV19-01	01				TCRBD01-01*01	TCRBD01	TCRBD01-01	01				TCRBJ01-01*01	TCRBJ01	TCRBJ01-01	01				0	1	4	3	13	2	27	44	45	50	63	1	In	VDJ												
ACTGTGACATCGGCCCAAAAGAACCCGACAGCTTTCTATCTCTGTGCCAGTAGCTGGACCAACACAGATACGCAGTATTTTGGCCCA	CASSWTNTDTQYF	1	0.0015408320493066256	39	TCRBV19-01*01	TCRBV19	TCRBV19-01	01								TCRBD01,TCRBD02	TCRBD01-01,TCRBD02-01		TCRBJ02-03*01	TCRBJ02	TCRBJ02-03	01				6	2	1	7	3	2	42	53	55	59	62	1	In	VDJ												
GGCCTGGGGGACGCAGCCATGTACCTGTGTGCCACCAGCAAGGGACAGGGAGACCGGTCTGGGGCCAACGTCCTGACTTTCGGGGCC	CATSKGQGDRSGANVLTF	1	0.0015408320493066256	54	TCRBV15-01*02	TCRBV15	TCRBV15-01	02				TCRBD01-01*01	TCRBD01	TCRBD01-01	01				TCRBJ02-06*01	TCRBJ02	TCRBJ02-06	01				4	1	0	3	7	1	27	40	41	50	57	1	In	VDJ												
AGTGCCCATCCTGAAGACAGCAGCTTCTACATCTGCAGTGCTAGGAACCCCCTAGCGGGAGATAACAATGAGCAGTTCTTCGGGCCA	CSARNPLAGDNNEQFF	1	0.0015408320493066256	48	TCRBV20	TCRBV20				TCRBV20-01,TCRBV20-or09_02		TCRBD02-01*02	TCRBD02	TCRBD02-01	02				TCRBJ02-01*01	TCRBJ02	TCRBJ02-01	01				3	7	4	2	3	5	33	44	51	61	64	1	In	VDJ												
CTGCCATCCCCAACCAGACAGCTCTTTACTTCTGTGCCACCAGTGATTTCCCCGGGACGGACGAACACTGAAGCTTTCTTTGGACAA		1	0.0015408320493066256	49	TCRBV24-01*01	TCRBV24	TCRBV24-01	01								TCRBD01,TCRBD02	TCRBD01-01,TCRBD02-01		TCRBJ01-01*01	TCRBJ01	TCRBJ01-01	01				1	4	0	7	4	1	32	49	53	58	62	1	Out	VDJ												
CTGGAGCTTGGTGACTCTGCTGTGTATTTCTGTGCCAGCAGCCAAGTTCTTCCCATTTGCAAAAAAAACATTCAGTACTTCGGCGCC	CASSQVLPICKKNIQYF	1	0.0015408320493066256	51	TCRBV03-01/03-02*01	TCRBV03	TCRBV03-01/03-02	01								TCRBD01,TCRBD02	TCRBD01-01,TCRBD02-01		TCRBJ02-04*01	TCRBJ02	TCRBJ02-04	01				1	7	4	6	8	4	30	46	53	55	63	1	In	VDJ												
CAGCCAGAAGACTCGGCCCTGTATCTCTGCGCCAGCAGCCCCGACAGGAGGGGGCCCTCTGGGGCCAACGTCCTGACTTTCGGGGCC	CASSPDRRGPSGANVLTF	1	0.0015408320493066256	54	TCRBV04-03*01	TCRBV04	TCRBV04-03	01				TCRBD01-01*01	TCRBD01	TCRBD01-01	01				TCRBJ02-06*01	TCRBJ02	TCRBJ02-06	01				4	8	5	0	1	0	27	40	48	55	56	1	In	VDJ												
ATCCAGCAGGTAGTGCGAGGAGATTCGGCAGCTTATTTCTGTGCCAGCTCATACAGGGGGCCGAACACTGAAGCTTTCTTTGGACAA	CASSYRGPNTEAFF	1	0.0015408320493066256	42	TCRBV18-01*01	TCRBV18	TCRBV18-01	01				TCRBD01-01*01	TCRBD01	TCRBD01-01	01				TCRBJ01-01*01	TCRBJ01	TCRBJ01-01	01				5	1	3	0	1	1	39	51	52	61	62	1	In	VDJ												
CTGGAGTCTGCCAGGCCCTCACATACCTCTCAGTACCTCTGTGCCAGCAGCCCCGGGACAGATTACAATGAGCAGTTCTTCGGGCCA	CASSPGTDYNEQFF	1	0.0015408320493066256	42	TCRBV25-01*01	TCRBV25	TCRBV25-01	01				TCRBD01-01*01	TCRBD01	TCRBD01-01	01				TCRBJ02-01*01	TCRBJ02	TCRBJ02-01	01				6	4	0	5	2	4	39	50	54	61	63	1	In	VDJ												
TTGGTGTGTCGGCTGCTCCCTCCCAGACATCTGTGTACTTCTGTGCCAGCCACAGGGAATGCAGGCACTGAAGCTTTCTTTGGACAA		1	0.0015408320493066256	40	TCRBV06-05*01	TCRBV06	TCRBV06-05	01				TCRBD01-01*01	TCRBD01	TCRBD01-01	01				TCRBJ01-01*01	TCRBJ01	TCRBJ01-01	01				8	1	3	3	8	4	41	50	51	57	65	1	Out	VDJ												
GTGACATCGGCCCAAAAGAACCCGACAGCTTTCTATCTCTGTGCCAGTAGTACGACTAGCGGGGGGCGCGAGCAGTACTTCGGGCCG	CASSTTSGGREQYF	1	0.0015408320493066256	42	TCRBV19-01*01	TCRBV19	TCRBV19-01	01				TCRBD02-01*01	TCRBD02	TCRBD02-01	01				TCRBJ02-07*01	TCRBJ02	TCRBJ02-07	01				4	1	2	1	2	6	39	52	53	66	68	1	In	VDJ												
TTTGGTGTGTCGGCTGCTCCCTCCCAAACATCTGTGTACTTCTGTGCCAGCAAAGGATCCTTAGCCAACGTCCTGACTTTCGGGGCC	CASKGSLANVLTF	1	0.0015408320493066256	39	TCRBV06	TCRBV06				TCRBV06-02/06-03,TCRBV06-02						TCRBD01,TCRBD02	TCRBD01-01,TCRBD02-01		TCRBJ02-06*01	TCRBJ02	TCRBJ02-06	01				7	2	1	8	6	7	42	52	54	57	63	1	In	VDJ												
TCTGACAGTGACCAGTGCCCATCCTGAAGACAGCAGCTTCTACATCTGCAGAGGCGGCAGACAGGAGATACGCAGTATTTTGGCCCA		1	0.0015408320493066256	35	TCRBV20	TCRBV20				TCRBV20-01,TCRBV20-or09_02		TCRBD01-01*01	TCRBD01	TCRBD01-01	01				TCRBJ02-03*01	TCRBJ02	TCRBJ02-03	01				9	8	2	4	0	5	46	51	59	-1	65	1	Out	VDJ												
AACGCCTTGGAGCTGGACGACTCGGCCCTGTATCTCTGTGCCAGCAGCTGGACAGGGCTTGGAAATTCACCCCTCCACTTTGGGAAT	CASSWTGLGNSPLHF	1	0.0015408320493066256	45	TCRBV05-04*01	TCRBV05	TCRBV05-04	01				TCRBD01-01*01	TCRBD01	TCRBD01-01	01				TCRBJ01-06*01	TCRBJ01	TCRBJ01-06	01				3	0	1	3	6	7	36	-1	49	57	63	1	In	VDJ												
ATCCAGCAGGTAGTGCGAGGAGATTCGGCAGCTTATTTCTGTGCCAGCTCACCAGGTCTAGCAAACAATGAGCAGTTCTTCGGGCCA	CASSPGLANNEQFF	1	0.0015408320493066256	42	TCRBV18-01*01	TCRBV18	TCRBV18-01	01				TCRBD02-01	TCRBD02	TCRBD02-01				01,02	TCRBJ02-01*01	TCRBJ02	TCRBJ02-01	01				2	3	4	7	2	5	39	54	57	62	64	1	In	VDJ												
GCTACCAGCTCCCAGACATCTGTGTACTTCTGTGCCATCAGTGGCGGGATAACCGGGACTAGCGGGGGGACCGAGTATTTTGGCCCA	CAISGGITGTSGGTEYF	1	0.0015408320493066256	51	TCRBV10-03*01	TCRBV10	TCRBV10-03	01				TCRBD02-01*01	TCRBD02	TCRBD02-01	01				TCRBJ02-03*01	TCRBJ02	TCRBJ02-03	01				4	11	0	1	4	13	30	43	54	69	73	1	In	VDJ												
CAGCCTGCAGAGCTTGAGGACTCGGCCGCGTATCTCTGTGCCAGCAGCTTAGCAGGCTCGGGCGCGGGCGAGCAGTACTTCGGGCCG	CASSLAGSGAGEQYF	1	0.0015408320493066256	45	TCRBV11	TCRBV11				TCRBV11-02,TCRBV11-03		TCRBD02-01	TCRBD02	TCRBD02-01				01,02	TCRBJ02-07*01	TCRBJ02	TCRBJ02-07	01				1	11	7	4	0	6	36	52	63	-1	68	1	In	VDJ												
GAGTCCGCTACCAGCTCCCAGACATCTGTGTACTTCTGTGCCATCAGTAGGGGGGGGCAGGGGTTTGGCGAGCAGTACTTCGGGCCG	CAISRGGQGFGEQYF	1	0.0015408320493066256	45	TCRBV10-03*01	TCRBV10	TCRBV10-03	01				TCRBD02-01*01	TCRBD02	TCRBD02-01	01				TCRBJ02-07*01	TCRBJ02	TCRBJ02-07	01				5	1	9	0	12	6	36	48	49	56	68	1	In	VDJ												
GACTCGGCCCTGTATCTCTGTGCCAGCAGCCAAGATTTTCGAGGACTAGCGGGAGGGCTTGGCACAGATACGCAGTATTTTGGCCCA	CASSQDFRGLAGGLGTDTQYF	1	0.0015408320493066256	63	TCRBV04-02*01	TCRBV04	TCRBV04-02	01				TCRBD02-01*02	TCRBD02	TCRBD02-01	02				TCRBJ02-03*01	TCRBJ02	TCRBJ02-03	01				0	7	1	0	4	1	18	35	42	57	61	1	In	VDJ												
AAGATCCAGCGCACAGAGCAGGAGGACTCCGCCGTGTATTTCTGTGCCAGCAGTCCCAGACCCTCCGATACGCAGTATTTTGGCCCA	CASSPRPSDTQYF	1	0.0015408320493066256	39	TCRBV07-08	TCRBV07	TCRBV07-08				01,03					TCRBD01,TCRBD02	TCRBD01-01,TCRBD02-01		TCRBJ02-03*01	TCRBJ02	TCRBJ02-03	01				6	5	2	7	5	6	42	53	58	61	66	1	In	VDJ												
CTTGGTGACTCTGCTGTGTATTTCTGTGCCAGCAGCCAAGATGAGGGCAGAATAAGGTATAGCACAGATACGCAGTATTTTGGCCCA	CASSQDEGRIRYSTDTQYF	2	0.0030816640986132513	57	TCRBV03-01/03-02*01	TCRBV03	TCRBV03-01/03-02	01				TCRBD02-01*02	TCRBD02	TCRBD02-01	02				TCRBJ02-03*01	TCRBJ02	TCRBJ02-03	01				0	1	11	0	13	0	24	41	42	47	60	2	In	VDJ												
GCCTCCTCCCAGACATCTGTATATTTCTGCGCCAGCAGTCCCCCTCGGGGGTAGCGGGGTCTCCAAGAGACCCAGTACTTCGGGCCA	CASSPPRG*RGLQETQYF	1	0.0015408320493066256	54	TCRBV10-01	TCRBV10	TCRBV10-01				01,03	TCRBD02-01*01	TCRBD02	TCRBD02-01	01				TCRBJ02-05*01	TCRBJ02	TCRBJ02-05	01				5	12	5	3	3	1	27	39	51	59	62	1	Stop	VDJ												
GCTGCTCCCTCCCAGACATCTGTGTACTTCTGTGCCAGCAGTGAAGTCGTACTAGCGGGAGGAGTGAATGAGCAGTTCTTCGGGCCA	CASSEVVLAGGVNEQFF	1	0.0015408320493066256	51	TCRBV06-01*01	TCRBV06	TCRBV06-01	01				TCRBD02-01*02	TCRBD02	TCRBD02-01	02				TCRBJ02-01*01	TCRBJ02	TCRBJ02-01	01				1	4	3	1	4	7	30	46	50	62	66	1	In	VDJ												
CTTGAGGACTCGGCCGTGTATCTCTGTGCCAGCAGCCGAATTAAAGGGACTAGCGGACTCTCCTACAATGAGCAGTTCTTCGGGCCA	CASSRIKGTSGLSYNEQFF	1	0.0015408320493066256	57	TCRBV11-02	TCRBV11	TCRBV11-02				01,03	TCRBD02-01	TCRBD02	TCRBD02-01				01,02	TCRBJ02-01*01	TCRBJ02	TCRBJ02-01	01				5	9	0	5	3	0	24	36	45	56	59	1	In	VDJ												
ACAGAGCAGGGGGACTCGGCCATGTATCTCTGTGCCAGCAGCCCGGGACTAGCGGGGTCTCGCACAGATACGCAGTATTTTGGCCCA	CASSPGLAGSRTDTQYF	1	0.0015408320493066256	51	TCRBV07-09*01	TCRBV07	TCRBV07-09	01				TCRBD02-01*01	TCRBD02	TCRBD02-01	01				TCRBJ02-03*01	TCRBJ02	TCRBJ02-03	01				5	2	0	3	4	1	30	42	44	57	61	1	In	VDJ												
AGCTGGAGGACTCAGCCATGTACTTCTGTGCCAGCAGTGACTTGAGTTACCGATACAAGTCGGGCCAACGTCCTGACTTTCGGGGCC		1	0.0015408320493066256	55	TCRBV02-01	TCRBV02	TCRBV02-01				01,03					TCRBD01,TCRBD02	TCRBD01-01,TCRBD02-01		TCRBJ02-06*01	TCRBJ02	TCRBJ02-06	01				3	14	3	6	4	5	26	40	54	57	61	1	Out	VDJ												
CAATTCCCTGGAGCTTGGTGACTCTGCTGTGTATTTCTGTGCCAGCAGCCAGAGAGCGGGGGCGGGCGGGGAGCTGTTTTTGGAGAA		1	0.0015408320493066256	44	TCRBV03-01/03-02*01	TCRBV03	TCRBV03-01/03-02	01				TCRBD02-01*01	TCRBD02	TCRBD02-01	01				TCRBJ02-02*01	TCRBJ02	TCRBJ02-02	01				3	3	6	2	14	18	37	51	54	62	76	1	Out	VDJ												
CAGAGCCGAGGGACTCAGCCGTGTATCTCTACAGTAGCGGTTACAGTATTCTGGACAAAGTCGGCCGACGTCCTGACTTTCGGGGCC		1	0.0015408320493066256	52	TCRBV17-01*01	TCRBV17	TCRBV17-01	01				TCRBD01-01*01	TCRBD01	TCRBD01-01	01				TCRBJ02-06*01	TCRBJ02	TCRBJ02-06	01				2	11	1	6	10	11	29	41	52	57	67	1	Out	VDJ												
GCCTTGGAGCTGGACGACTCGGCCCTGTATCTCTGTGCCAGCAGCTTGGGAGCGGGGGGGCCGGCAGATACGCAGTATTTTGGCCCA	CASSLGAGGPADTQYF	2	0.0030816640986132513	48	TCRBV05-04*01	TCRBV05	TCRBV05-04	01				TCRBD02-01*01	TCRBD02	TCRBD02-01	01				TCRBJ02-03*01	TCRBJ02	TCRBJ02-03	01				0	1	6	0	4	4	33	49	50	60	64	2	In	VDJ												
ACTCTGGAGTCCGCTACCAGCTCCCAGACATCTGTGTACTTCTGTGCCATCAGTGAGATGCAAACTGGTGGCTACACCTTCGGTTCG	CAISEMQTGGYTF	2	0.0030816640986132513	39	TCRBV10-03*01	TCRBV10	TCRBV10-03	01				TCRBD02-01	TCRBD02	TCRBD02-01				01,02	TCRBJ01-02*01	TCRBJ01	TCRBJ01-02	01				2	6	3	10	2	7	42	57	63	66	68	2	In	VDJ												
CCTACACACCCTGCAGCCAGAAGACTCGGCCCTGTATCTCTGCGCCAGCAGCCAGCCGGGAGGTCCGGGGAGCTGTTTTTTGGAGAA		2	0.0030816640986132513	41	TCRBV04-03*01	TCRBV04	TCRBV04-03	01				TCRBD02-01*02	TCRBD02	TCRBD02-01	02				TCRBJ02-02*01	TCRBJ02	TCRBJ02-02	01				3	2	8	1	1	6	40	54	56	63	64	2	Out	VDJ												
ACCAGTGCCCATCCTGAAGACAGCAGCTTCTACATCTGCAGTGCGCCCCGATGGGACAGGGTTAACTATGGCTACACCTTCGGTTCG	CSAPRWDRVNYGYTF	1	0.0015408320493066256	45	TCRBV20	TCRBV20				TCRBV20-01,TCRBV20-or09_02		TCRBD01-01*01	TCRBD01	TCRBD01-01	01				TCRBJ01-02*01	TCRBJ01	TCRBJ01-02	01				6	8	0	3	1	1	36	44	52	61	62	1	In	VDJ												
AGTTCTAAGAAGCTCCTTCTCAGTGACTCTGGCTTCTATCTCTGTGCCTGGAGTGTACGCAGGGGAGGTGGCTACACCTTCGGTTCG	CAWSVRRGGGYTF	1	0.0015408320493066256	39	TCRBV30-01*01	TCRBV30	TCRBV30-01	01								TCRBD01,TCRBD02	TCRBD01-01,TCRBD02-01		TCRBJ01-02*01	TCRBJ01	TCRBJ01-02	01				0	3	4	2	3	7	42	56	59	65	68	1	In	VDJ												
ATCCAGCCTGCAGAGCTTGGGGACTCGGCCGTGTATCTCTGTGCCAGCAGCTCGAGCGTGCTATCCTACGAGCAGTACTTCGGGCCG	CASSSSVLSYEQYF	1	0.0015408320493066256	42	TCRBV11-03*01	TCRBV11	TCRBV11-03	01				TCRBD02-01	TCRBD02	TCRBD02-01				01,02	TCRBJ02-07*01	TCRBJ02	TCRBJ02-07	01				4	2	6	6	5	1	39	52	54	58	63	1	In	VDJ												
CAGTGCCCATCCTGAAGACAGCAGCTTCTACATCTGCAGTGCGAAATACCGGGACAGGGGGCATCCTACGAGCAGTACTTCGGGCCG		2	0.0030816640986132513	47	TCRBV20	TCRBV20				TCRBV20-01,TCRBV20-or09_02		TCRBD01-01*01	TCRBD01	TCRBD01-01	01				TCRBJ02-07*01	TCRBJ02	TCRBJ02-07	01				6	8	0	0	1	1	34	42	50	62	63	2	Out	VDJ												
TGCCTTGGAGCTGGGGGACTCGGCCCTGTATCTCTGTGCCAGAAGCTTGATTGATTTCCGGGGAACACTGAAGCTTTCTTTGGACAA		2	0.0030816640986132513	47	TCRBV05-03	TCRBV05	TCRBV05-03				01,02	TCRBD02-01	TCRBD02	TCRBD02-01				01,02	TCRBJ01-01*01	TCRBJ01	TCRBJ01-01	01				1	9	8	4	0	1	34	49	58	-1	62	2	Out	VDJ												
CCAGCCCTCAGAACCCAGGGACTCAGCTGTGTACTTCTGTGCCAGCAGTCTCCACGCTAGCGGGAAGAGACCCAGTACTTCGGGCCA		1	0.0015408320493066256	44	TCRBV12	TCRBV12				TCRBV12-03/12-04,TCRBV12-04		TCRBD02-01	TCRBD02	TCRBD02-01				01,02	TCRBJ02-05*01	TCRBJ02	TCRBJ02-05	01				5	7	4	4	0	3	37	49	56	-1	64	1	Out	VDJ												
GTGAGCACCTTGGAGCTGGGGGACTCGGCCCTTTATCTTTGCGCCAGCAGCCCTAGGACCGGCGGGAACACCATATATTTTGGAGAG	CASSPRTGGNTIYF	2	0.0030816640986132513	42	TCRBV05-01*01	TCRBV05	TCRBV05-01	01				TCRBD02-01	TCRBD02	TCRBD02-01				01,02	TCRBJ01-03*01	TCRBJ01	TCRBJ01-03	01				4	10	7	4	0	7	39	51	61	-1	66	2	In	VDJ												
CACGCCCTGCAGCCAGAAGACTCAGCCCTGTATCTCTGCGCCAGCAGCCAAGTTTCGGGACAGGGCCAGCCCCAGCATTTTGGTGAT	CASSQVSGQGQPQHF	1	0.0015408320493066256	45	TCRBV04-01*01	TCRBV04	TCRBV04-01	01				TCRBD01-01*01	TCRBD01	TCRBD01-01	01				TCRBJ01-05*01	TCRBJ01	TCRBJ01-05	01				1	4	0	3	1	7	36	52	56	65	66	1	In	VDJ												
ACTGTGAGCAACATGAGCCCTGAAGACAGCAGCATATATCTCTGCAGCGTAAGTCAGGGGGGCGACACTGAAGCTTTCTTTGGACAA	CSVSQGGDTEAFF	2	0.0030816640986132513	39	TCRBV29-01	TCRBV29	TCRBV29-01				01,02	TCRBD01-01*01	TCRBD01	TCRBD01-01	01				TCRBJ01-01*01	TCRBJ01	TCRBJ01-01	01				6	4	4	1	3	3	42	50	54	61	64	2	In	VDJ												
AGTGCCCATCCTGAAGACAGCAGCTTCTACATCTGCAGTGCTAGAGATAACACTGGGGCCAGACATGAAAAACTGTTTTTTGGCAGT	CSARDNTGARHEKLFF	1	0.0015408320493066256	48	TCRBV20	TCRBV20				TCRBV20-01,TCRBV20-or09_02		TCRBD01-01*01	TCRBD01	TCRBD01-01	01				TCRBJ01-04*01	TCRBJ01	TCRBJ01-04	01				0	7	7	0	5	6	33	47	54	59	64	1	In	VDJ												
TCCGCCAGCACCAACCAGACATCTATGTACCTCTGTGCCAGCAGTTCCGATCCGGGACAGGGCACCCACGAGCAGTACTTCGGGCCG	CASSSDPGQGTHEQYF	1	0.0015408320493066256	48	TCRBV28-01*01	TCRBV28	TCRBV28-01	01				TCRBD01-01*01	TCRBD01	TCRBD01-01	01				TCRBJ02-07*01	TCRBJ02	TCRBJ02-07	01				4	7	0	3	5	5	33	46	53	62	67	1	In	VDJ												
ACTCTGACAGTGACCAGTGCCCATCCTGAAGACAGCAGCTTCTACATCTGCAGTGCTAGAACCGGGACCACCCATTACTTCGGGCCG	CSARTGTTHYF	1	0.0015408320493066256	33	TCRBV20-01*01	TCRBV20	TCRBV20-01	01								TCRBD01,TCRBD02	TCRBD01-01,TCRBD02-01		TCRBJ02-07*01	TCRBJ02	TCRBJ02-07	01				2	3	0	7	7	13	48	60	63	68	75	1	In	VDJ												
CCACAAAGCTGGAGGACTCAGCCATGTACTTCTGTGCCAGCAGTCGTGACCATTACCGATGAAAGCTATGGCTACACCTTCGGTTCG		1	0.0015408320493066256	49	TCRBV02-01	TCRBV02	TCRBV02-01				01,03					TCRBD01,TCRBD02	TCRBD01-01,TCRBD02-01		TCRBJ01-02*01	TCRBJ01	TCRBJ01-02	01				5	3	2	7	15	4	32	44	47	50	65	1	Out	VDJ												
CACCTACACGCCCTGCAGCCAGAAGACTCAGCCCTGTATCTCTGCGCCAGCAGCCAAGCTCTAAGGGGTGAGCAGTTCTTCGGGCCA	CASSQALRGEQFF	1	0.0015408320493066256	39	TCRBV04-01*01	TCRBV04	TCRBV04-01	01				TCRBD01-01*01	TCRBD01	TCRBD01-01	01				TCRBJ02-01*01	TCRBJ02	TCRBJ02-01	01				1	5	5	2	0	9	42	58	63	-1	68	1	In	VDJ												
GTCCTCAGAACCGGGAGACACGGCACTGTATCTCTGCGCCAGCAGTCATTTTAGCGGGAGCCCAGGGACGAGCAGTACTTCGGGCCG		1	0.0015408320493066256	47	TCRBV23-01*01	TCRBV23	TCRBV23-01	01				TCRBD02-01*02	TCRBD02	TCRBD02-01	02				TCRBJ02-07*01	TCRBJ02	TCRBJ02-07	01				3	3	5	2	7	5	34	48	51	60	67	1	Out	VDJ												
AACGCCTTGTTGCTGGGGGACTCGGCCCTCTATCTCTGTGCCAGCAGCTTGGGGGCGGGGAACGACAATGAGCAGTTCTTCGGGCCA	CASSLGAGNDNEQFF	1	0.0015408320493066256	45	TCRBV05-06*01	TCRBV05	TCRBV05-06	01				TCRBD02-01*01	TCRBD02	TCRBD02-01	01				TCRBJ02-01*01	TCRBJ02	TCRBJ02-01	01				0	2	7	3	4	5	36	52	54	60	64	1	In	VDJ												
CTGACTGTGAGCAACATGAGCCCTGAAGACAGCAGCATATATCTCTGCAGCGTTGACCGGCAGAGTGGTGGCTACACCTTCGGTTCG	CSVDRQSGGYTF	1	0.0015408320493066256	36	TCRBV29-01	TCRBV29	TCRBV29-01				01,02					TCRBD01,TCRBD02	TCRBD01-01,TCRBD02-01		TCRBJ01-02*01	TCRBJ01	TCRBJ01-02	01				3	4	4	5	5	7	45	56	60	63	68	1	In	VDJ												
AGCAACATGAGCCCTGAAGACAGCAGCATATATCTCTGCAGCGTTGAATATCGGGACAGAGCATACAATGAGCAGTTCTTCGGGCCA	CSVEYRDRAYNEQFF	1	0.0015408320493066256	45	TCRBV29-01	TCRBV29	TCRBV29-01				01,02	TCRBD01-01*01	TCRBD01	TCRBD01-01	01				TCRBJ02-01*01	TCRBJ02	TCRBJ02-01	01				2	4	0	5	4	4	36	48	52	59	63	1	In	VDJ												
ACCAGTGCCCATCCTGAAGACAGCAGCTTCTACATCTGCAGTGCCAGGTGGACAGGGGGGTACACAGATACGCAGTATTTTGGCCCA	CSARWTGGYTDTQYF	1	0.0015408320493066256	45	TCRBV20	TCRBV20				TCRBV20-01,TCRBV20-or09_02		TCRBD01-01*01	TCRBD01	TCRBD01-01	01				TCRBJ02-03*01	TCRBJ02	TCRBJ02-03	01				6	5	1	1	3	2	36	44	49	59	62	1	In	VDJ												
AATTCCCTGGAGCTTGGTGACTCTGCTGTGTATTTCTGTGCCAGCAGCCCACGCGGGACAGGGGTTAACGAGCAGTACTTCGGGCCG	CASSPRGTGVNEQYF	1	0.0015408320493066256	45	TCRBV03-01/03-02*01	TCRBV03	TCRBV03-01/03-02	01				TCRBD01-01*01	TCRBD01	TCRBD01-01	01				TCRBJ02-07*01	TCRBJ02	TCRBJ02-07	01				4	5	0	2	3	5	36	49	54	64	67	1	In	VDJ												
CTGACAGTGACCAGTGCCCATCCTGAAGACAGCAGCTTCTACATCTGCAGTGCTAGCAGGGGTAATTCACCCCTCCACTTTGGGAAC	CSASRGNSPLHF	1	0.0015408320493066256	36	TCRBV20	TCRBV20				TCRBV20-01,TCRBV20-or09_02		TCRBD01-01*01	TCRBD01	TCRBD01-01	01				TCRBJ01-06*02	TCRBJ01	TCRBJ01-06	02				3	0	4	2	0	6	45	-1	56	-1	62	1	In	VDJ												
CAGCCTGCAGAGCTTGGGGACTCGGCCGTGTATCTCTGTGCCAGCAGCCTTACTAGCGGGGTAGTCCACGAGCAGTACTTCGGGCCG	CASSLTSGVVHEQYF	1	0.0015408320493066256	45	TCRBV11-03*01	TCRBV11	TCRBV11-03	01				TCRBD02-01*01	TCRBD02	TCRBD02-01	01				TCRBJ02-07*01	TCRBJ02	TCRBJ02-07	01				5	3	3	3	6	5	36	48	51	61	67	1	In	VDJ												
TCGCCCAGCCCCAACCAGACCTCTCTGTACTTCTGTGCCAGCAGTTTGGCGGCGTCTAGCTCCTACAATGAGCAGTTCTTCGGGCCA	CASSLAASSSYNEQFF	1	0.0015408320493066256	48	TCRBV27-01*01	TCRBV27	TCRBV27-01	01				TCRBD02-01	TCRBD02	TCRBD02-01				01,02	TCRBJ02-01*01	TCRBJ02	TCRBJ02-01	01				3	8	4	8	0	0	33	47	55	-1	59	1	In	VDJ												
GAGTCGCCCAGCCCCAACCAGACCTCTCTGTACTTCTGTGCCAGCAGTTTATTGGGCGGGAGTTCCTACGAGCAGTACTTCGGGCCG	CASSLLGGSSYEQYF	1	0.0015408320493066256	45	TCRBV27-01*01	TCRBV27	TCRBV27-01	01				TCRBD02-01*02	TCRBD02	TCRBD02-01	02				TCRBJ02-07*01	TCRBJ02	TCRBJ02-07	01				1	3	7	2	1	1	36	52	55	62	63	1	In	VDJ												
GTGTCGGCTGCTCCCTCCCAGACATCTGTGTACTTCTGTGCCAGCAGTGAAACCCCAGGGGGCGTTCAGCCCCAGCATTTTGGTGAT	CASSETPGGVQPQHF	2	0.0030816640986132513	45	TCRBV06-01*01	TCRBV06	TCRBV06-01	01				TCRBD01-01*01	TCRBD01	TCRBD01-01	01				TCRBJ01-05*01	TCRBJ01	TCRBJ01-05	01				2	4	4	0	2	6	36	51	55	63	65	2	In	VDJ												
GTGACCAGTGCCCATCCTGAAGACAGCAGCTTCTACATCTGCAGTGCTGGATTACAGGGGAGGACCTATGGCTACACCTTCGGTTCG	CSAGLQGRTYGYTF	1	0.0015408320493066256	42	TCRBV20	TCRBV20				TCRBV20-01,TCRBV20-or09_02		TCRBD01-01*01	TCRBD01	TCRBD01-01	01				TCRBJ01-02*01	TCRBJ01	TCRBJ01-02	01				5	5	3	2	5	4	39	48	53	60	65	1	In	VDJ												
ACTCTGACGATCCAGCGCACAGAGCAGGAGGACTCGGCCGTGTATCTCTGTGCCAGCAGCGAATACAATGAGCAGTTCTTCGGGCCA	CASSEYNEQFF	1	0.0015408320493066256	33	TCRBV07-02	TCRBV07	TCRBV07-02				01,02					TCRBD01,TCRBD02	TCRBD01-01,TCRBD02-01		TCRBJ02-01*01	TCRBJ02	TCRBJ02-01	01				5	0	2	8	1	4	48	-1	60	62	63	1	In	VDJ												
CTGAGGATCCAGCAGGTAGTGCGAGGAGATTCGGCAGCTTATTTCTGTGCCAGCTCACCAGAGCGGGCCGAGCAGTACTTCGGGCCG	CASSPERAEQYF	1	0.0015408320493066256	36	TCRBV18-01*01	TCRBV18	TCRBV18-01	01				TCRBD02-01	TCRBD02	TCRBD02-01				01,02	TCRBJ02-07*01	TCRBJ02	TCRBJ02-07	01				2	1	6	4	1	6	45	60	61	67	68	1	In	VDJ												
CAGCCTGCAGAACTGGAGGATTCTGGAGTTTATTTCTGTGCCAGCAGCCAACAACAGGGGGGTTTGTACGAGCAGTACTTCGGGCCG	CASSQQQGGLYEQYF	1	0.0015408320493066256	45	TCRBV14-01*01	TCRBV14	TCRBV14-01	01				TCRBD01-01*01	TCRBD01	TCRBD01-01	01				TCRBJ02-07*01	TCRBJ02	TCRBJ02-07	01				2	2	3	1	5	4	36	51	53	61	66	1	In	VDJ												
GTGACCAGTGCCCATCCTGAAGACAGCAGCTTCTACATCTGCAGTGCTATGGTGTCCCGGCCTGGTCAGCCCCAGCATTTTGGTGAT	CSAMVSRPGQPQHF	1	0.0015408320493066256	42	TCRBV20	TCRBV20				TCRBV20-01,TCRBV20-or09_02						TCRBD01,TCRBD02	TCRBD01-01,TCRBD02-01		TCRBJ01-05*01	TCRBJ01	TCRBJ01-05	01				4	9	9	0	4	6	39	49	58	61	65	1	In	VDJ												
GTGACCAGTGCCCATCCTGAAGACAGCAGCTTCTACATCTGCAGTGCTCCGGGGGATAATAGCAATCAGCCCCAGCATTTTGGTGAT	CSAPGDNSNQPQHF	1	0.0015408320493066256	42	TCRBV20	TCRBV20				TCRBV20-01,TCRBV20-or09_02		TCRBD02-01*01	TCRBD02	TCRBD02-01	01				TCRBJ01-05*01	TCRBJ01	TCRBJ01-05	01				5	1	8	2	4	0	39	48	49	55	59	1	In	VDJ												
CTGACAGTGACCAGTGCCCATCCTGAAGACAGCAGCTTCTACATCTGCAGTGCTTTCCAGGGGATGGGAGGCTACACCTTCGGTTCG	CSAFQGMGGYTF	1	0.0015408320493066256	36	TCRBV20	TCRBV20				TCRBV20-01,TCRBV20-or09_02		TCRBD01-01*01	TCRBD01	TCRBD01-01	01				TCRBJ01-02*01	TCRBJ01	TCRBJ01-02	01				5	3	4	2	6	8	45	54	57	63	69	1	In	VDJ												
GAACTGGAGGATTCTGGAGTTTATTTCTGTGCCAGCAGCCAAGGGATTGGGGGCCCCAGGGCTGGAAACACCATATATTTTGGAGAG	CASSQGIGGPRAGNTIYF	1	0.0015408320493066256	54	TCRBV14-01*01	TCRBV14	TCRBV14-01	01				TCRBD01-01*01	TCRBD01	TCRBD01-01	01				TCRBJ01-03*01	TCRBJ01	TCRBJ01-03	01				1	5	6	0	7	2	27	43	48	54	61	1	In	VDJ												
CCTGCAGAGCTTGAGGACTCGGCCGTGTATCTCTGTGCCAGCAGCTTAGCGAGGGACAATACTTACAATGAGCAGTTCTTCGGGCCA	CASSLARDNTYNEQFF	1	0.0015408320493066256	48	TCRBV11	TCRBV11				TCRBV11-02,TCRBV11-03		TCRBD01-01*01	TCRBD01	TCRBD01-01	01				TCRBJ02-01*01	TCRBJ02	TCRBJ02-01	01				1	3	0	6	5	4	33	49	52	58	63	1	In	VDJ												
TGATTCTGGAGTCCGCCAGCACCAACCAGACATCTATGTACCTCTGTGCCAGCAGTCGTCAGGGACAATGAGCAGTTCTTCGGGCCA		1	0.0015408320493066256	37	TCRBV28-01*01	TCRBV28	TCRBV28-01	01				TCRBD01-01*01	TCRBD01	TCRBD01-01	01				TCRBJ02-01*01	TCRBJ02	TCRBJ02-01	01				5	3	4	3	0	5	44	56	59	-1	64	1	Out	VDJ												
TCAGAACCCAGGGACTCAGCTGTGTACTTCTGTGCCAGCAGTCCGACTCGGACAGGGGTATTCTACAATGAGCAGTTCTTCGGGCCA	CASSPTRTGVFYNEQFF	1	0.0015408320493066256	51	TCRBV12	TCRBV12				TCRBV12-03/12-04,TCRBV12-04		TCRBD01-01*01	TCRBD01	TCRBD01-01	01				TCRBJ02-01*01	TCRBJ02	TCRBJ02-01	01				5	7	1	2	4	3	30	42	49	58	62	1	In	VDJ												
ACCAGTGCCCATCCTGAAGACAGCAGCTTCTACATCTGCAGTGCTAGAGTTCCTGGGGCAGGGGGCACTGAAGCTTTCTTTGGACAA	CSARVPGAGGTEAFF	1	0.0015408320493066256	45	TCRBV20	TCRBV20				TCRBV20-01,TCRBV20-or09_02		TCRBD01-01*01	TCRBD01	TCRBD01-01	01				TCRBJ01-01*01	TCRBJ01	TCRBJ01-01	01				1	9	4	1	0	4	36	49	58	-1	65	1	In	VDJ												
GTGACCAGTGCCCATCCTGAAGACAGCAGCTTCTACATCTGCAGTGCTAGAGATACGAAAGGATATCAGCCCCAGCATTTTGGTGAT	CSARDTKGYQPQHF	1	0.0015408320493066256	42	TCRBV20	TCRBV20				TCRBV20-01,TCRBV20-or09_02						TCRBD01,TCRBD02	TCRBD01-01,TCRBD02-01		TCRBJ01-05*01	TCRBJ01	TCRBJ01-05	01				0	7	1	8	1	5	39	53	60	63	64	1	In	VDJ												
CAAAAGAACCCGACAGCTTTCTATCTCTGTGCCAGTAGTGGGTTGATGACAAATCACAGTCGGGCCAACGTCCTGACTTTCGGGGCC	CASSGLMTNHSRANVLTF	1	0.0015408320493066256	54	TCRBV19-01*01	TCRBV19	TCRBV19-01	01				TCRBD01-01*01	TCRBD01	TCRBD01-01	01				TCRBJ02-06*01	TCRBJ02	TCRBJ02-06	01				5	8	2	6	10	5	27	39	47	51	61	1	In	VDJ												
AATTCCCTGGAGCTTGGTGACTCTGCTGTGTATTTCTGTGCCAGCAGCCCCGGTGGGGGGTTTAATGAAAAACTGTTTTTTGGCAGT	CASSPGGGFNEKLFF	1	0.0015408320493066256	45	TCRBV03-01/03-02*01	TCRBV03	TCRBV03-01/03-02	01				TCRBD02-01*01	TCRBD02	TCRBD02-01	01				TCRBJ01-04*01	TCRBJ01	TCRBJ01-04	01				4	5	9	1	2	4	36	49	54	60	62	1	In	VDJ												
CCAGCGCACAGAGCAGGGGGACTCAGCTGTGTATCTCTGTGCCAGCAGCTCCCAGGGGCCCCCAATCAGCCCCAGCATTTTGGTGAT		1	0.0015408320493066256	44	TCRBV07-04	TCRBV07	TCRBV07-04				01,02	TCRBD01-01*01	TCRBD01	TCRBD01-01	01				TCRBJ01-05*01	TCRBJ01	TCRBJ01-05	01				4	2	4	2	4	3	37	50	52	58	62	1	Out	VDJ												
CTGACAGTGACCAGTGCCCATCCTGAAGACAGCAGCTTCTACATCTGCAGTGCTAGATGGCAGGGGGAGACCCAGTACTTCGGGCCA	CSARWQGETQYF	1	0.0015408320493066256	36	TCRBV20	TCRBV20				TCRBV20-01,TCRBV20-or09_02		TCRBD01-01*01	TCRBD01	TCRBD01-01	01				TCRBJ02-05*01	TCRBJ02	TCRBJ02-05	01				2	3	4	2	0	5	45	57	60	-1	66	1	In	VDJ												
ACAGTGACCAGTGCCCATCCTGAAGACAGCAGCTTCTACATCTGCAGTGCTAGAGGACAGGAGAATCAGCCCCAGCATTTTGGTGAT	CSARGQENQPQHF	1	0.0015408320493066256	39	TCRBV20	TCRBV20				TCRBV20-01,TCRBV20-or09_02		TCRBD01-01*01	TCRBD01	TCRBD01-01	01				TCRBJ01-05*01	TCRBJ01	TCRBJ01-05	01				1	0	2	4	2	4	42	-1	55	61	63	1	In	VDJ												
GCCCATCCTGAAGACAGCAGCTTCTACATCTGCAGTGCCCACTCGGGACTAGCGGGAGGGATTGGAGAGACCCAGTACTTCGGGCCA	CSAHSGLAGGIGETQYF	1	0.0015408320493066256	51	TCRBV20	TCRBV20				TCRBV20-01,TCRBV20-or09_02		TCRBD02-01*02	TCRBD02	TCRBD02-01	02				TCRBJ02-05*01	TCRBJ02	TCRBJ02-05	01				6	6	0	0	5	4	30	38	44	60	65	1	In	VDJ												
TCTGGAGTCCGCTACCCGCTCCCAGACATCTGTGTATTTCTGCGCCAGCAGAGAGCGGGAGGTAAAGAGACCCAGTACTTCGGGCCA		1	0.0015408320493066256	41	TCRBV10-02*01	TCRBV10	TCRBV10-02	01				TCRBD02-01*02	TCRBD02	TCRBD02-01	02				TCRBJ02-05*01	TCRBJ02	TCRBJ02-05	01				2	0	8	1	2	3	40	-1	55	62	64	1	Out	VDJ												
TTGGTGACTCTGCTGTGTATTTCTGTGCCAGCAGCCAAGATGGCTAGCGGGAGGGCCTTTCCGCTCTACGAGCAGTACTTCGGGCCG		1	0.0015408320493066256	58	TCRBV03-01/03-02*01	TCRBV03	TCRBV03-01/03-02	01				TCRBD02-01*02	TCRBD02	TCRBD02-01	02				TCRBJ02-07*01	TCRBJ02	TCRBJ02-07	01				0	3	4	0	10	3	23	40	43	55	65	1	Out	VDJ												
ACATCGGCCCAAAAGAACCCGACAGCTTTCTATCTCTGTGCCAGTAGTATCCCGGGGACGGGGAACACTGAAGCTTTCTTTGGACAA	CASSIPGTGNTEAFF	1	0.0015408320493066256	45	TCRBV19-01*01	TCRBV19	TCRBV19-01	01								TCRBD01,TCRBD02	TCRBD01-01,TCRBD02-01		TCRBJ01-01*01	TCRBJ01	TCRBJ01-01	01				3	4	0	7	3	1	36	50	54	59	62	1	In	VDJ												
CACACCCTGCAGCCAGAAGACTCGGCCCTGTATCTCTGCGCCAGCAGCCAAGAGTTGGGGGACATTCTCGAGCAGTACTTCGGGCCG	CASSQELGDILEQYF	1	0.0015408320493066256	45	TCRBV04-03*01	TCRBV04	TCRBV04-03	01				TCRBD01-01*01	TCRBD01	TCRBD01-01	01				TCRBJ02-07*01	TCRBJ02	TCRBJ02-07	01				0	5	0	6	4	6	36	53	58	64	68	1	In	VDJ												
TGCCATCCCCAACCAGACAGCTCTTTACTTCTGTGCCACCAGTGGTCTGACAGGGGGCCCCTGAACACTGAAGCTTTCTTTGGACAA		1	0.0015408320493066256	50	TCRBV24-01*01	TCRBV24	TCRBV24-01	01				TCRBD01-01*01	TCRBD01	TCRBD01-01	01				TCRBJ01-01*01	TCRBJ01	TCRBJ01-01	01				5	4	2	0	3	0	31	44	48	58	61	1	Out	VDJ												
ACTAAACCTGAGCTCTCTGGAGCTGGGGGACTCAGCTTTGTATTTCTGTGCCAGCATTAACCCCCAAAAAAACTGTTTTTTGGCAGT		1	0.0015408320493066256	35	TCRBV09-01*01	TCRBV09	TCRBV09-01	01								TCRBD01,TCRBD02	TCRBD01-01,TCRBD02-01		TCRBJ01-04*01	TCRBJ01	TCRBJ01-04	01				6	3	3	7	6	9	46	56	59	61	67	1	Out	VDJ												
TCCCTAGAGTCTGCCATCCCCAACCAGACAGCTCTTTACTTCTGTGCCACCGGGGCCAGCGACACCGGGGAGCTGTTTTTTGGAGAA	CATGASDTGELFF	1	0.0015408320493066256	39	TCRBV24-01*01	TCRBV24	TCRBV24-01	01				TCRBD01-01*01	TCRBD01	TCRBD01-01	01				TCRBJ02-02*01	TCRBJ02	TCRBJ02-02	01				9	0	7	0	5	3	42	-1	51	56	61	1	In	VDJ												
GAACCCAGGGACTCAGCTGTGTACTTCTGTGCCAGCAGCTTATTTAATTCGGCGCAGTCAATGAACACTGAAGCTTTCTTTGGACAA	CASSLFNSAQSMNTEAFF	1	0.0015408320493066256	54	TCRBV12	TCRBV12				TCRBV12-03/12-04,TCRBV12-04						TCRBD01,TCRBD02	TCRBD01-01,TCRBD02-01		TCRBJ01-01*01	TCRBJ01	TCRBJ01-01	01				2	12	4	5	4	0	27	42	54	57	61	1	In	VDJ												
GAGCTGGGGGACTCGGCCCTTTATCTTTGCGCCAGCAGCTCACCGTTGACTAGCGGGAGCTCCTACAATGAGCAGTTCTTCGGGCCA	CASSSPLTSGSSYNEQFF	1	0.0015408320493066256	54	TCRBV05-01*01	TCRBV05	TCRBV05-01	01				TCRBD02-01*02	TCRBD02	TCRBD02-01	02				TCRBJ02-01*01	TCRBJ02	TCRBJ02-01	01				3	7	2	2	0	0	27	40	47	-1	59	1	In	VDJ												
CACAGAGCAGCGGGACTCGGCCATGTATCGCTGTGCCAGCAGCAAGACCCGCGGGACAGGAAGGACAATGAGCAGTTCTTCGGGCCA		1	0.0015408320493066256	50	TCRBV07-06*01	TCRBV07	TCRBV07-06	01				TCRBD01-01*01	TCRBD01	TCRBD01-01	01				TCRBJ02-01*01	TCRBJ02	TCRBJ02-01	01				5	9	0	4	4	5	31	43	52	60	64	1	Out	VDJ												
CTGCAGAGCTTGGGGACTCGGCCGTGTATCTCTGTGCCAGCAGCTTCGAAGGGGGGACAGCAGCAAGAGACCCAGTACTTCGGGCCA		1	0.0015408320493066256	49	TCRBV11-03*01	TCRBV11	TCRBV11-03	01				TCRBD01-01*01	TCRBD01	TCRBD01-01	01				TCRBJ02-05*01	TCRBJ02	TCRBJ02-05	01				3	7	0	5	3	2	32	46	53	60	63	1	Out	VDJ												
GCGTCTGCTGTACCCTCTCAGACATCTGTGTACTTCTGTGCCAGCAGTGAGGGGACTAGCGGGAGCAATGAGCAGTTCTTCGGGCCA	CASSEGTSGSNEQFF	1	0.0015408320493066256	45	TCRBV06-04*01	TCRBV06	TCRBV06-04	01				TCRBD02-01*02	TCRBD02	TCRBD02-01	02				TCRBJ02-01*01	TCRBJ02	TCRBJ02-01	01				3	1	0	2	0	6	36	50	51	-1	65	1	In	VDJ												
CTGGAGTCCGCCAGCACCAACCAGACATCTATGTACCTCTGTGCCAGCAGCCCCGGACAGGGGGCACACGAGCAGTACTTCGGGCCG	CASSPGQGAHEQYF	1	0.0015408320493066256	42	TCRBV28-01*01	TCRBV28	TCRBV28-01	01				TCRBD01-01*01	TCRBD01	TCRBD01-01	01				TCRBJ02-07*01	TCRBJ02	TCRBJ02-07	01				6	4	1	0	2	5	39	50	54	65	67	1	In	VDJ												
CCATCCTGAAGACAGCAGCTTCTACATCTGCAGTGCTAGAGATCTGCCGGGAGTTCGGGGAGTAGAGAGACCCAGTACTTCGGGCCA		1	0.0015408320493066256	53	TCRBV20	TCRBV20				TCRBV20-01,TCRBV20-or09_02		TCRBD02-01*02	TCRBD02	TCRBD02-01	02				TCRBJ02-05*01	TCRBJ02	TCRBJ02-05	01				0	5	8	2	12	4	28	42	47	53	65	1	Out	VDJ												
TTGGCTGCTCCCTCCCAGACATCTGTGTACTTCTGTGCCAGCAGTTATAAGTCGGCGGGAGTTACAGATACGCAGTATTTTGGCCCA	CASSYKSAGVTDTQYF	1	0.0015408320493066256	48	TCRBV06-06*01	TCRBV06	TCRBV06-06	01				TCRBD02-01*02	TCRBD02	TCRBD02-01	02				TCRBJ02-03*01	TCRBJ02	TCRBJ02-03	01				3	7	7	2	2	3	33	47	54	61	63	1	In	VDJ												
GGAGACACGGCACTGTATCTCTGCGCCAGCAGTCACCCCCGAGAGCCCGATCGATTTTTAGCCAAAAACATTCAGTACTTCGGCGCC	CASSHPREPDRFLAKNIQYF	1	0.0015408320493066256	60	TCRBV23-01*01	TCRBV23	TCRBV23-01	01				TCRBD02-01	TCRBD02	TCRBD02-01				01,02	TCRBJ02-04*01	TCRBJ02	TCRBJ02-04	01				3	8	6	7	13	0	21	35	43	46	59	1	In	VDJ												
CCTGCAGAGCTTGAGGACTCGGCCGTGTATCTCTGTGCCAGCAGCTTAGTCTCGCACGGACCTATCTACGAGCAGTACTTCGGGCCG	CASSLVSHGPIYEQYF	1	0.0015408320493066256	48	TCRBV11	TCRBV11				TCRBV11-02,TCRBV11-03						TCRBD01,TCRBD02	TCRBD01-01,TCRBD02-01		TCRBJ02-07*01	TCRBJ02	TCRBJ02-07	01				1	8	1	7	4	3	33	49	57	61	65	1	In	VDJ												
CTGACTGTGAGCAACATGAGCCCTGAAGACAGCAGCATATATCTCTGCAGCGCCGAGGGGGCCACAGATACGCAGTATTTTGGCCCA	CSAEGATDTQYF	1	0.0015408320493066256	36	TCRBV29-01*03	TCRBV29	TCRBV29-01	03				TCRBD01-01*01	TCRBD01	TCRBD01-01	01				TCRBJ02-03*01	TCRBJ02	TCRBJ02-03	01				6	2	5	0	0	2	45	53	55	-1	62	1	In	VDJ												
AGAGCAGGAGGACGCGGCCGTGTATCTCTGTGCCAGCAGCTTAACTCAGGCGGGGGGGGGAGCACAGATACGCAGTATTTTGGCCCA		1	0.0015408320493066256	53	TCRBV07-02	TCRBV07	TCRBV07-02				01,02	TCRBD02-01*01	TCRBD02	TCRBD02-01	01				TCRBJ02-03*01	TCRBJ02	TCRBJ02-03	01				2	6	7	0	2	0	28	43	49	58	60	1	Out	VDJ												
CTGCTCCCTCCCAGACATCTGTGTACTTCTGTGCCAGCAGTGAATCGGGTCACTCGACCCTCCACAGATACGCAGTATTTTGGCCCA		1	0.0015408320493066256	52	TCRBV06-01*01	TCRBV06	TCRBV06-01	01				TCRBD02-01	TCRBD02	TCRBD02-01				01,02	TCRBJ02-03*01	TCRBJ02	TCRBJ02-03	01				2	1	8	4	13	2	29	44	45	49	62	1	Out	VDJ												
CGCACAGAGCAGGAGGACTCGGCCGTGTATCTCTGTGCCAGCAGCAACCCGGGACAGGGGTACACCGGGGAGCTGTTTTTTGGAGAA	CASSNPGQGYTGELFF	1	0.0015408320493066256	48	TCRBV07-02	TCRBV07	TCRBV07-02				01,02	TCRBD01-01*01	TCRBD01	TCRBD01-01	01				TCRBJ02-02*01	TCRBJ02	TCRBJ02-02	01				5	5	0	2	1	3	33	45	50	60	61	1	In	VDJ												
AATTCCCTGGAGCTTGGTGACTCTGCTGTGTATTTCTGTGCCAGCAGCCCACGCGGGACAGGGGTTAACGAGCAGTACTTCGGGCCA	CASSPRGTGVNEQYF	1	0.0015408320493066256	45	TCRBV03-01/03-02*01	TCRBV03	TCRBV03-01/03-02	01				TCRBD01-01*01	TCRBD01	TCRBD01-01	01				TCRBJ02-05*01	TCRBJ02	TCRBJ02-05	01				4	5	0	2	8	11	36	49	54	64	72	1	In	VDJ												
GCTGCTCCCTCCCAGACATCTGTGTACTTCTGTGCCAGCAGTTACCCCCGGACAGGCAAGAACACCGGGGAGCTGTTTTTTGGAGAA	CASSYPRTGKNTGELFF	1	0.0015408320493066256	51	TCRBV06	TCRBV06				TCRBV06-05,TCRBV06-06		TCRBD01-01*01	TCRBD01	TCRBD01-01	01				TCRBJ02-02*01	TCRBJ02	TCRBJ02-02	01				2	4	1	4	3	1	30	45	49	56	59	1	In	VDJ												
AGTGACCTGTGCCCATCCTGAAGACAGCAGCTTCTACATCTGCAGTGCTATGGTGTCCCGGCCTGGTCAGCCCAGCATTTTGGTGAT		1	0.0015408320493066256	41	TCRBV20-or09_02*02	TCRBV20	TCRBV20-or09_02	02								TCRBD01,TCRBD02	TCRBD01-01,TCRBD02-01		TCRBJ01-05*01	TCRBJ01	TCRBJ01-05	01				4	17	4	5	0	11	40	50	67	-1	70	1	Out	VDJ												
TCTGGAGTCCGCCAGCACCAACCAGACATCTATGTACCTCTGTGCCAGCAGTTAGGGACGGTGAACACTGAAGCTTTCTTTGGACAA		1	0.0015408320493066256	41	TCRBV28-01*01	TCRBV28	TCRBV28-01	01								TCRBD01,TCRBD02	TCRBD01-01,TCRBD02-01		TCRBJ01-01*01	TCRBJ01	TCRBJ01-01	01				4	1	0	7	2	0	40	53	54	59	61	1	Out	VDJ												
